"baran","2021-03-16","16 marca 2021","Barany będą w swoim żywiole. Wiele osób będzie pytać was o radę i zdanie. Okaże się, że jesteście po prostu niezastąpieni. Dzień sprzyja ważnym rozmowom z szefem. Dzięki rozsądnej taktyce i cierpliwości postawicie na swoim. Aura sprzyja też zdobywaniu nowych umiejętności. Sprzyjający wam znak zodiaku to Strzelec."
"baran","2021-03-15","15 marca 2021","Barany mogą być rozkojarzone, a dzieci spod tego znaku bardziej niż zwykle płaczliwe. Nie przejmujcie się, jeśli coś wam się uda. W trudnych wyborach kierujcie się intuicją, bo ona was nie zawiedzie. Dobrej rady spodziewajcie się od Byka lub Koziorożca, uważajcie na czepialską Pannę."
"baran","2021-03-14","14 marca 2021","Barany czeka miły dzień. Nie planujcie dziś zbyt wielu rodzinnych obowiązków, bo ogarnie was bardzo beztroski nastrój. Chętnie spotkacie się z przyjaciółmi lub wybierzecie na spacer w miłym towarzystwie. Aura sprzyja też hobby, zwłaszcza związanemu ze sztuką. Przychylny wam znak zodiaku to Byk."
"baran","2021-03-13","13 marca 2021","Barany będą dziś bardzo zdecydowane. Ktoś ważny postawi przed wami trudne zadania. Uporacie się ze wszystkim dzięki dobrej organizacji i wyjątkowej intuicji. Wasz talent zostanie doceniony, jednak lepiej nie chwalcie się zbytnio swoimi zarobkami, bo zaraz ktoś zacznie zazdrościć. Sprzyjający wam znak zodiaku to Koziorożec."
"baran","2021-03-12","12 marca 2021","Barany będą dziś niesforne i niecierpliwe. Nie pomylcie się dziś w rachunkach i uważajcie, bo grożą wam nieporozumienia podczas rozmów ze starszymi osobami. Po południu zainteresują was niewyjaśnione i zagadkowe sprawy. Być może odkryjecie w ten sposób nowe hobby? Przychylny wam znak zodiaku to Wodnik."
"baran","2021-03-11","11 marca 2021","Barany postanowią coś w swoim życiu zmienić. Natychmiastowe rozwiązania uznacie za najbardziej interesujące. Niestety, otoczenie może nie nadążyć za waszymi pomysłami. Nadmiar energii wyładujcie podczas spaceru lub wiosennych porządków. Po południu bądźcie ostrożni za kierownicą. Sprzyjający wam znak zodiaku to energiczny Wodnik."
"baran","2021-03-10","10 marca 2021","Barany zapragną być lubiane i przez wszystkich podziwiane. Nie przejmujcie się plotkami i przypadkowo zasłyszanymi opiniami. Czyjaś niemądra uwaga może sprawić, że nabawicie się niepotrzebnych kompleksów. Popołudnie sprzyja udanym randkom. Przychylny wam znak zodiaku to sympatyczna Waga."
"baran","2021-03-09","9 marca 2021","Barany zaskoczą wszystkich swoimi pomysłami. Nie leniuchujcie, bo dzień sprzyja rozpoczynaniu nowych spraw. Możecie liczyć na poprawę samopoczucia, a ludzie będą wam sprzyjać. Wieczorem nie spieszcie się, bo zapomnicie o prośbie bliskiej osoby. Przychylny wam znak zodiaku to Koziorożec."
"baran","2021-03-08","8 marca 2021","Barany będą ambitne i dokładne. Wykorzystajcie przepisy na swoją korzyść, a odniesiecie dziś zawodowy sukces. Wobec przeciwników bądźcie uprzejmi, ale także bardziej pewni siebie. Dzień sprzyja rozmowom z osobami na wysokich stanowiskach. Byk pomoże wam coś załatwić."
"baran","2021-03-07","7 marca 2021","Barany pomyślą o pieniądzach i długach, ale możliwe są nieporozumienia z krewnymi, którzy mają na ten temat swoje własne zdanie. Po południu ogarnie was sentymentalny nastrój. Nie róbcie niczego na siłę, poświęćcie więcej czasu sprawom zdrowia i urody. Humor poprawi wam pogawędka z zodiakalną Panną lub Skorpionem."
"baran","2021-03-06","6 marca 2021","Barany nie znajdą dziś wielu powodów narzekania. Sprawy układać się będą po waszej myśli, ale wobec osób starszych postarajcie się wykazać więcej dyplomacji. Dziś możecie z powodzeniem promować własne projekty i poważnie rozmawiać o rodzinnych obowiązkach. Sprzyjający wam znak zodiaku to Koziorożec."
"baran","2021-03-05","5 marca 2021","Barany czeka udany dzień. W sprawach towarzyskich możecie liczyć na niespodzianki i ciekawe wydarzenia. Zapomnijcie o rutynie i starych urazach, a szczęście zacznie wam sprzyjać. Możecie dziś liczyć na przyjaciół, a zawarte znajomości okażą się bardzo ciekawe. Sprzyjający wam znak zodiaku to Bliźnięta."
"baran","2021-03-04","4 marca 2021","Barany będą dziś bardzo tajemnicze. Dzień sprzyja poważnym przemyśleniom na temat cudzych zarobków i interesów. Nie dzielcie się informacjami, jakie posiadacie. Przy okazji odkrywania cudzych sekretów okaże się, że sami także macie wiele do ukrycia. Sprzyjający wam znak zodiaku to Skorpion."
"baran","2021-03-03","3 marca 2021","Barany czeka sympatyczny dzień. Będziecie optymistyczni i weseli, a sił do uporania się z trudnymi sprawami wam nie zabraknie. Ludzie chętnie będą was słuchać i pytać o radę. Wieczorem bądźcie jednak ostrożni. W towarzystwie Skorpiona wpadniecie na trop intrygi."
"baran","2021-03-02","2 marca 2021","Barany policzą swoje dochody i postanowią natychmiast ubiegać się o wyższe stanowisko. Możliwe są z tego powodu różne dyskusje, a nawet nieporozumienia. We wszystkim pomoże wam pewna życzliwa osoba. Zastanówcie się, kto mógłby to być. Sprzyjające wam znaki to Bliźnięta i Ryby."
