"baran";"2021-04-30";"Barany będą bardzo wesołe i towarzyskie. Przy okazji prywatnej rozmowy wyjaśnią zawodowe sprawy i przeforsują swoje żądania. Popołudnie sprzyja odpoczynkowi. Warto iść na dłuższy wiosenny spacer. Możliwe są też nowe, bardzo ciekawe znajomości. Sprzyjające znaki to Byk i Skorpion."
"baran";"2021-04-29";"Barany mają przed sobą udany dzień. Warto zawierać ugody i sojusze, wyjaśniać nieporozumienia i spory. Macie szansę zyskać uznanie współpracowników i przełożonych. Możliwe większe zyski i bardzo korzystne propozycje zawodowe. A wieczorem sprzyja wam także powodzenie w miłości."
"baran";"2021-04-28";"Barany nie będą się dziś przejmować kłopotami czy trudnościami. Dzięki swojej odwadze i dobrym pomysłom zdobędą dziś nowego przyjaciela. W miłości też macie powodzenie. Sprzyjający wam znak to Strzelec."
"baran";"2021-04-27";"Barany czeka udany i bardzo pracowity dzień. Telefon będzie dzwonić, nadejdą oczekiwane maile, a ciekawym spotkaniom nie będzie końca. Nie przegapcie interesującej propozycji szkolenia lub nawet wyjazdu. Pełnia Księżyca sprzyja zawieraniu nowych znajomości i omawianiu pomysłów, które zapewnią wam popularność. Możecie liczyć na Wodnika."
"baran";"2021-04-26";"Baranom uda się wreszcie udowodnić pewnej upartej osobie, że wcale się nie zna na sprawach, o których mówi. Po południu możliwe miłosne przygody i propozycje. Jednak pamiętajcie o obowiązkach, w końcu dziś poniedziałek. Sprzyjające znaki to wam Baran i Waga."
"baran";"2021-04-25";"Barany chętnie porozmawiają z rodziną. Możliwe są także niespodziewane wizyty i ciekawe wiadomości od dobrych przyjaciół. Dzień będzie udany, ale po południu nie obrażajcie się, jeśli ktoś zacznie z was żartować. Uważajcie na Pannę, która zapamiętuje wszystkie ploteczki."
"baran";"2021-04-24";"Barany mają przed sobą bardzo udany dzień. Ktoś starszy pomoże wam rozwikłać problem, podpowie jak rozwiązać trudną sprawę. Dziś słuchajcie innych ludzi, bo macie okazję zyskać nową, bardzo przydatną umiejętność. Sprzyjające wam znaki to Strzelec i Wodnik."
"baran";"2021-04-23";"Barany będą wesołe i bardzo ciekawskie. Przed waszym wzrokiem nic się nie ukryje! Odkryjecie sekret lub uzyskacie ważne informacje. Słuchajcie ludzi, ale sami nie mówcie zbyt wiele. Dzień sprzyja rozwijaniu zainteresowań, zwłaszcza w towarzystwie Bliźniaka."
"baran";"2021-04-22";"Barany będą się zastanawiać nad zjawiskami nadprzyrodzonymi lub medycyną niekonwencjonalną. Wasza dociekliwość sprawi, że odkryjecie coś intrygującego. Chętnie podyskutuje z wami Bliźniak lub Wodnik, ale nie dajcie się odciągnąć od pracy. Szef patrzy!"
"baran";"2021-04-21";"Barany czeka miły dzień. Po południu przyjaciele mogą namówić was do zmiany planów. Szkolenie czy rozmowa z przyjaciółmi będą udane. Tylko nie bądźcie zbyt ciekawscy, ktoś może poczuć się dotknięty waszymi odważnymi pytaniami. Sprzyjające wam znaki to Byk i Ryby."
"baran";"2021-04-20";"Barany będą spokojne, a nawet nieco senne. Dzień nie sprzyja ryzykownym przedsięwzięciom. Możecie mieć problemy z koncentracją i spowolniony refleks. Lepiej uważać na drodze, a podczas długich samochodowych podróży częściej odpoczywać. Pomoże wam Strzelec."
"baran";"2021-04-19";"Barany zabłysną elokwencją i czarem, będą w dobrym humorze. Dziś to wy macie przewagę nad innymi. Nowe znajomości będą korzystne. Nie czekajcie tylko, aż ktoś do was podejdzie i sami rozpocznijcie interesującą rozmowę. Sprzyjające znaki to Rak i Panna."
"baran";"2021-04-18";"Barany podejmą się wielu ważnych spraw, a nawet kogoś wyręczą w trudnych domowych obowiązkach. Nie przesadzajcie jednak z ambicjami, bo poczujecie się przemęczeni i zestresowani. Ktoś starszy udzieli wam dobrej rady jak najmilej spędzić dzień. Przychylny wam znak zodiaku to energiczny Baran."
"baran";"2021-04-17";"Dziś trudno będzie nadążyć za Baranami. Intrygujące pomysły, nowatorskie rozwiązania i fantastyczne plany będą ich domeną. Wywrzecie duże wrażenie na ludziach, warto dzielić się doświadczeniem. Przed samotnymi szansa na niecodzienną znajomość. Sprzyjające wam znaki to Koziorożec i Wodnik."
"baran";"2021-04-16";"Barany mają przed sobą udany dzień. Warto zastanowić się nad planami na weekend. Po całym tygodniu pracy potrzebujecie odpoczynku, a także sportu na świeżym powietrzu. W wyborze miejsca odpoczynku kierujcie się swoimi potrzebami, a nie zachciankami znajomych, żeby potem nie narzekać. Sprzyjające znaki to Lew i Waga."
"baran";"2021-04-15";"Barany podejmą ważne decyzje dotyczące życia prywatnego, a nawet popatrzą na swoje związki z zupełnie innej strony. Trzymajcie nerwy na wodzy i myślcie o przyszłości. Warto przebaczyć stare urazy, zamiast wciąż myśleć o przeszłości. Sprzyjające wam znaki to Byk i Rak."
"baran";"2021-04-14";"Barany zajmą się rodzinnymi finansami. Pilnujcie swoich spraw i liczcie każdy wydany grosz. Może odezwą się dłużnicy lub ludzie, którzy kiedyś wam pożyczyli pieniądze. Warto dziś uregulować te sprawy. Sprzyjające wam znaki to Bliźnięta i Waga."
"baran";"2021-04-13";"Barany przypomną sobie o zaległych sprawach i niedotrzymanych obietnicach. Niestety, nie wszystko uda się załatwić. Wieczorem odpocznijcie i nie przejmujcie się cudzymi sprawami. Warto zadbać o siebie i nie angażować się w ryzykowne przedsięwzięcia. Humor poprawi wam rozmowa z przyjaciółmi. Przychylny wam znak zodiaku to Ryby."
"baran";"2021-04-12";"Barany chętnie posłuchają opowieści o innych krajach, pomyślą z optymizmem o przyszłości. Nów Księżyca w waszym znaku sprzyja układaniu planów. Skoncentrujcie się jednak na wykonywanych czynnościach, bo inaczej trudno wam będzie dokończyć rozpoczęte dziś sprawy. Sprzyjające wam znaki to Skorpion i Wodnik. Uważajcie na gadatliwe Ryby."
"baran";"2021-04-11";"Barany poczują przypływ sił i dobrego humoru. Warto ten dzień wykorzystać na załatwienie rodzinnych spraw, które od dawna odkładaliście na później. Pamiętajcie też o wolnym czasie, warto poćwiczyć lub wybrać się na dłuższy spacer. Sprzyjające wam znaki to Panna i Waga."
"baran";"2021-04-10";"Dziś życie wymaga od Baranów zdecydowania i odwagi. Mimo wolnego dnia ktoś ciągle będzie od was czegoś chciał, nie uda się wywinąć ze wszystkich zobowiązań i domowych prac. Lepiej nie przejmować się drobiazgami. Wieczorem nie myślcie o obowiązkach. Sprzyjające wam znaki to Byk i Lew."
"baran";"2021-04-09";"Barany będą załatwiać ważne sprawy. Poufne zwierzenia przeplatać się będą z rozmowami na temat pieniędzy. A czy miłość i pieniądze da się pogodzić? To sami musicie rozstrzygnąć, ale jeśli się postaracie, to bliska osoba we wszystkim wam pomoże. Sprzyjające wam znaki to Byk i Bliźnięta."
"baran";"2021-04-08";"Barany czeka pracowity dzień. Ważne spotkania i pilne telefony pochłoną wam czas, ale wszystko się uda. Zawarte dziś znajomości okażą się korzystne. Tylko na rodzinnych spotkaniach nie bądźcie buntownikami. Sprzyjające wam znaki to Strzelec i Wodnik."
"baran";"2021-04-07";"Barany będą towarzyskie i wesołe. Dzięki temu dzień będzie bardzo udany. Zyskają nowych sojuszników, pomogą komuś w potrzebie. W pracy ktoś doceni niekonwencjonalny i oryginalny pomysł, na jaki Byki łatwo wpadną. Sprzyjające wam znaki to Baran i Waga."
"baran";"2021-04-06";"Barany znajdą się w centrum zainteresowania różnych ważnych osób. Pewne sekrety wreszcie się wyjaśnią i poczujecie się bardziej bezpiecznie. W pracy zwróćcie uwagę na kogoś, kto od dawna wam bezinteresownie pomaga. Warto się tej osobie odwdzięczyć. Sprzyjające wam znaki to Rak i Ryby."
"baran";"2021-04-05";"Barany będą podejmować decyzje w imieniu bliskich im osób. Biada jednak każdemu, kto wejdzie dziś w drogę Baranowi. Lepiej tego nie robić. W obronie swoich spraw czy zysków, Barany staną się bezwzględne. Humor poprawi im rozmowa z Bliźniakiem lub Bykiem."
"baran";"2021-04-04";"Barany staną się wyjątkowo romantyczne i czułe. Będą wszystkim dobrze doradzać w sprawach mody i gotowania, a jako doradcy przydadzą się też gdy trzeba zaplanować remont czy przemeblowanie. Barany mają też szczęście w miłości, to dobry dzień na randkę lub flirt w Internecie. Sprzyjające wam znaki to Lew i Wodnik."
"baran";"2021-04-03";"Barany będą doradzać i pouczać, jak powinno się przestrzegać tradycji. Swoim uporem zadziwią niejednego domownika, ale dociekliwy Skorpion zacznie sprawdzać, czy na pewno same Barany stosują się do tych wszystkich zasad. W razie ostrej dyskusji możecie liczyć na wsparcie Bliźniaka i Panny."
"baran";"2021-04-02";"Barany mają przed sobą udany dzień. W pracy mogą przez przypadek zdobyć ważne informacje lub dowiedzieć się czegoś ważnego o pewnej osobie. Możliwe też odnalezienie zguby, dlatego warto się dzisiaj zabrać za drobne porządki. Sprzyjające wam znaki to Byk i Panna."
"baran";"2021-04-01";"Barany będą szybkie i pewne siebie. Działajcie, ale też uważajcie, bo nie wszyscy skłonni będą wam wybaczać żarty i spóźnienia. Taki dzień lepiej poświęcić na ważne sprawy i zadania. Od ryzyka i nerwowych osób trzymajcie się dzisiaj z daleka. Sprzyjające wam znaki to Lew i Koziorożec."
