"bliznieta","2021-03-16","16 marca 2021","Bliźnięta odkryją nowe zainteresowania. Ktoś podpowie wam jak rozwiązać problem i przekona was do odważnego pomysłu. Dzień sprzyja podróżom i nowym znajomościom. Wieczorem uważajcie za kierownicą i nie popisujcie się zanadto swoimi sportowymi talentami. Sprzyjający wam znak zodiaku to Waga."
"bliznieta","2021-03-15","15 marca 2021","Bliźnięta będą planować i decydować co trzeba zrobić w domu lub w pracy. To dobry dzień, aby upomnieć się o swoje prawa. Bliźnięta, które gospodarują domem, zrobią plany wiosennych zakupów. Dzień sprzyja też porządkom i urządzaniu mieszkania. Sprzyjające wam znaki to Rak i Panna."
"bliznieta","2021-03-14","14 marca 2021","Bliźnięta będą dziś sympatyczne i uczynne. Chętnie komuś pomożecie lub udzielicie mądrej rady. Dzień sprzyja zabawie, twórczości i nawiązywaniu przyjaźni. Wieczorem unikajcie sporów, bo ktoś może wykorzystać waszą dobrą wolę. Przychylny wam znak zodiaku to Strzelec."
"bliznieta","2021-03-13","13 marca 2021","Bliźnięta będą wyjaśniać różne tajemnice. Czyjeś zachowanie zadziwi was i stanie się pretekstem do pouczających rozważań. Zaufajcie dziś swojej intuicji. Nie obiecujcie ludziom zbyt wiele i zachowajcie spokój wobec niespodziewanych propozycji, także finansowych. Przychylny wam znak zodiaku to Skorpion."
"bliznieta","2021-03-12","12 marca 2021","Bliźnięta zainteresują się sprawami sąsiadów i przyjaciół. Nie przejmujcie się każdą plotką, jaką usłyszycie, bo wasi rozmówcy mogą wcale nie być aż tak dobrze poinformowani. Dzień sprzyja zakupom. Najlepsza pora dnia to popołudnie, a sprzyjający wam znak zodiaku to wszędobylskie Wodniki."
"bliznieta","2021-03-11","11 marca 2021","Bliźnięta będą łagodzić konflikty i spory. Dzień sprzyja realizacji nowych planów. Dobry humor was nie opuści. Możecie liczyć na szczęśliwe zbiegi okoliczności i dobre wiadomości. Po południu bądźcie bardziej skromni, a zyskacie czyjś szacunek i podziw. Przychylne wam znaki zodiaku to Baran i Strzelec."
"bliznieta","2021-03-10","10 marca 2021","Bliźnięta będą pomysłowe i bardzo ciekawskie. Ploteczki i nowe wiadomości sprawią, że jakaś sprawa towarzyska nagle ukaże się wam w zupełnie nowym świetle. Po południu wybierzcie się na spacer, bo ruch dobrze wam dzisiaj zrobi. Sprzyjający wam znak zodiaku to Lew."
"bliznieta","2021-03-09","9 marca 2021","Bliźnięta będą niespokojne, a nawet niepotrzebnie nerwowe. W każdej sytuacji zapragniecie zaznaczyć swą niezależność, a także zerwać z nudą i rutyną. Wasze plany udadzą się, jeśli tylko zrobicie plan działań i będziecie pamiętać o złożonych obietnicach. Sprzyjający wam znak zodiaku to Wodnik."
"bliznieta","2021-03-08","8 marca 2021","Bliźnięta mają szczęście w sprawach finansowych. Myślcie o pieniądzach i karierze, nie dajcie się wykorzystywać. Dzień sprzyja decyzjom, które dotyczą rodzinnego majątku, a także zdobywaniu informacji w bankach i urzędach. Wieczorem pomyślcie też o przyjemnościach. Od Panny lub Byka usłyszycie komplement, który poprawi wam humor."
"bliznieta","2021-03-07","7 marca 2021","Bliźnięta niechętnie wyjdą z domu. Łatwo będzie was zaniepokoić, a nawet zdenerwować. Nie przejmujcie się drobiazgami, a wszystko będzie dobrze. Nie żałujcie dziś sobie na ulubione przyjemności. Słodki deser skutecznie uchroni was przed złym humorem. Przychylny wam znak zodiaku to sympatyczne Ryby."
"bliznieta","2021-03-06","6 marca 2021","Bliźnięta będą dziś pogodne i wyrozumiałe. Będziecie wrażliwi na piękno otoczenia. Warto wybrać się na spacer lub obejrzeć piękny film. Sztuka i luksusowe przedmioty wywrą na was wielkie wrażenie. Po południu zatroszczcie się o własną wygodę. Chwila błogiego lenistwa dobrze wam dzisiaj zrobi. Przychylny wam znak zodiaku to Byk."
"bliznieta","2021-03-05","5 marca 2021","Bliźnięta mają przed sobą dzień nowych możliwości. Aura sprzyja mądrym decyzjom. Warto dziś zrobić coś zupełnie nowego lub chociaż zapisać swoje genialne pomysły. Im więcej dzisiaj zrobicie i zaplanujecie, tym lepsze będą wasze oceny w przyszłości. Sprzyjający wam znak zodiaku to Baran."
"bliznieta","2021-03-04","4 marca 2021","Bliźnięta będą dziś pewne siebie i przedsiębiorcze. Łatwo uporacie się z problemami, ale przemyślcie swoje dotychczasowe postępowanie. W ten sposób nie popełnicie dwa razy tych samych błędów. Wieczorem uważajcie, aby niewinna uwaga nie stała się przyczyną rodzinnych nieporozumień. Zanim skrytykujecie Wagę, pomyślcie dziś dwa razy."
"bliznieta","2021-03-03","3 marca 2021","Bliźnięta czeka spokojny dzień. Warto słuchać dziś ludzi, pytać o radę czy opinię. Wiele się nauczycie, a także zyskacie opinię osób inteligentnych i bezpośrednich. W towarzystwie unikajcie plotek, bo wplączecie się w niepotrzebny konflikt. Dzień sprzyja też nowym flirtom. Przychylny wam znak zodiaku to Waga."
"bliznieta","2021-03-02","2 marca 2021","Bliźnięta będą niespokojne. Mogą nie wykonać służbowego polecenia lub otwarcie zbuntować się przeciwko starym przepisom. Dzień sprzyja za to poznawaniu ciekawych wynalazków technicznych. Także zakupy będą dzisiaj udane. Sprzyjające wam znaki to Raki i Koziorożce."
