"bliznieta";"2021-04-30";"Bliźnięta czeka bardzo sympatyczny dzień. Nie myślcie tylko o pracy i zajmijcie się sprawami, na które zazwyczaj nie macie zbyt wiele czasu. Warto zadbać o siebie, zbliża się długi weekend. Zakupy ubrań i kosmetyków okażą się udane i poprawią wam humor. Sprzyjające znaki to Lew i Waga."
"bliznieta";"2021-04-29";"Bliźnięta będą wesołe i swobodne. Chętnie pożartują i spotkają się z przyjaciółmi. Szczęście wam dziś sprzyja, także w miłości. Warto załatwiać ważne sprawy, zwracać się o wsparcie czy pomoc, a w miłości snuć wspólne plany na długi weekend. Sprzyjającym wam znakiem jest dziś Byk, a miłe chwile spędzicie z Rakiem."
"bliznieta";"2021-04-28";"Bliźnięta będą przedsiębiorcze. Intrygujące pomysły, nowatorskie rozwiązania i fantastyczne plany to ich domena. Przed samotnymi Bliźniętami szansa na niecodzienną znajomość. Sprzyjający wam znak to Waga."
"bliznieta";"2021-04-27";"Bliźnięta postanowią zachwycić wszystkich swoimi pomysłami. Nie leniuchujcie, bo pełnia Księżyca sprzyja rozpoczynaniu nowych spraw. Możecie liczyć na poprawę samopoczucia, a ludzie będą wam sprzyjać. Wieczorem nie spieszcie się, bo zapomnicie o co prosiła was bliska osoba. Przychylny wam znak zodiaku to Baran."
"bliznieta";"2021-04-26";"Bliźnięta czeka dzień pełen ekscytujących przygód, a nawet towarzyskich niespodzianek. Możliwa jest dziś wielka miłość lub inny sympatyczny prezent od losu. Ludzie będą was podziwiać i chętnie spełnią wasze zachcianki. Mimo obowiązków aura sprzyja romantycznym spotkaniom. Sprzyjające znaki to wam Skorpion i Ryby."
"bliznieta";"2021-04-25";"Bliźnięta chętnie porozmawiają z przyjaciółmi i podzielą się swoimi spostrzeżeniami. Będziecie zachowywać się w sposób wesoły i trochę niekonwencjonalny. Po południu możliwe są przeróżne miłe niespodzianki, w wyniku których wasze plany nagle się zmienią. Randka będzie udana. Przychylne wam znaki zodiaku to Baran i Strzelec."
"bliznieta";"2021-04-24";"Bliźnięta czeka udany dzień. Krewni zapragną poznać wasze zdanie, ktoś ważny doceni waszą opinię. Wystrzegajcie się plotek, bo dziś niczego nie da się ukryć. Zarezerwujcie trochę czasu tylko dla siebie, zapiszcie swoje marzenia. W miłości dzień sprzyja bardzo ciekawym spotkaniom i zbiegom okoliczności."
"bliznieta";"2021-04-23";"Bliźnięta będą energiczne i przedsiębiorcze. Aura sprzyja załatwianiu trudnych spraw. Waszemu urokowi nikt się nie oprze. Zapomnijcie o urazach i pogódźcie się z ludźmi. Wasze decyzje sprawią, że zyskacie wdzięczność i szacunek współpracowników. Sprzyjają wam Skorpiony, uważajcie na zazdrosnego Byka."
"bliznieta";"2021-04-22";"Bliźnięta postanowią popracować nad swoim image. Urządzą dzisiaj rewię mody przed lustrem, wybiorą się na większe zakupy. Macie dzisiaj dobry gust, ale wydawajcie pieniądze rozsądnie. Sprzyjające znaki to Panna i Skorpion, uważajcie na krytycznego Barana."
"bliznieta";"2021-04-21";"Bliźnięta czeka miły dzień, choć podczas zakupów mogą dziś wydać zbyt wiele. Możliwe ciekawe propozycje szkoleń czy konferencji on line. Zastanówcie się, zanim odmówicie. Praca jest ważna, ale czasami trzeba także zainwestować w swoją przyszłość. Sprzyjające wam znaki to Rak i Ryby."
"bliznieta";"2021-04-20";"Bliźnięta będą poważne, sumienne i bardzo dokładne. Rachunki i ważne sprawy służbowe pochłoną was bez reszty. Dzień sprzyja wielkim zakupom, a popołudnie kulinarnym popisom. Starajcie się nie chwalić i popisujcie się raczej swoimi umiejętnościami niż majątkiem. Pomoże wam Koziorożec."
"bliznieta";"2021-04-19";"Bliźnięta poczują przypływ serdecznych uczuć, chętnie komuś pomogą. Wasze rady podtrzymają na duchu pewną nieśmiałą osobę. Pilnujcie też własnych interesów i pamiętajcie o ważnych służbowych sprawach, bo niepotrzebnie się zdenerwujecie. Sprzyjające znaki to Skorpion i Ryby."
"bliznieta";"2021-04-18";"Bliźnięta nie powinny się dziś zanadto przemęczać. Nie rzucajcie się nikomu w oczy i zajmijcie swoimi sprawami. Dzień sprzyja ważnym przemyśleniom i wspomnieniom. Być może jakaś sprawa z przeszłości powróci i domagać się będzie wyjaśnienia. Zaufajcie swojej intuicji. Przychylny wam znak zodiaku to Ryby."
"bliznieta";"2021-04-17";"Bliźnięta od rana cieszyć się będą dobrym humorem. Warto poznawać ludzi i nie zamykać się w domu. Uprawiajcie sport i nie siedźcie bezczynnie. Nie wydawajcie tylko z tego powodu więcej pieniędzy, niż macie na koncie. Sprzyjające wam znaki to Koziorożec i Wodnik."
"bliznieta";"2021-04-16";"Bliźnięta czeka dobry dzień. Uda się wam szybko wykonać zaplanowane domowe prace i spędzić bardzo miło czas. Warto wybrać się gdzieś we dwoje lub chociaż pomyśleć o bliskiej osobie. Spacer, chociaż do pobliskiego lasu czy parku, będzie dobrą rozrywką, jeśli pogoda pozwoli. Sprzyjające wam znaki to Baran i Waga."
"bliznieta";"2021-04-15";"Bliźnięta znajdą dziś nowych przyjaciół. Wasze pomysły spotkają się z uznaniem innych osób. Dzień sprzyja też internetowym zakupom, ale nie przesadzajcie z niezaplanowanymi wydatkami. Po różnych szaleństwach w portfelu może być pusto, ale szybko się odkujecie. Sprzyjające wam znaki to Skorpion i Ryby."
"bliznieta";"2021-04-14";"Bliźnięta cały zapał i energię wykorzystają dzisiaj aby nadrobić różne zawodowe zaległości. Pomysły, na jakie wpadną dziś Bliźnięta przyniosą w najbliższym czasie korzyść i szacunek przełożonych. Warto się postarać. Sprzyjające wam znaki to Byk i Waga."
"bliznieta";"2021-04-13";"Bliźnięta czeka udany dzień. Nie przejmujcie się zdaniem osób mniej zdolnych od was i śmiało realizujcie swoje plany. Znajdziecie się w centrum zainteresowania, a wasze pomysły i sprawy zostaną zauważone. Wieczorem nie ufajcie towarzyskiej plotce. Ktoś może próbować wykorzystać wasze dobre serce. Przychylny wam znak zodiaku to Lew."
"bliznieta";"2021-04-12";"Bliźnięta mogą się pomylić w rachunkach lub o czymś zapomnieć. Drobiazgi i szczegóły domagać się będą uwagi. Skoncentrujcie się i nie złośćcie, a dzień będzie udany. Po pracy zadbajcie o siebie, warto dzisiaj zjeść coś pożywnego i odpocząć od stresów. Sprzyjające wam znaki to Panna i Ryby."
"bliznieta";"2021-04-11";"Bliźnięta mają dobry dzień na publiczne występy, także w Internecie. Zapragną, aby wszyscy dowiedzieli się o najnowszych anegdotkach i ploteczkach. Opowiedzą je z dużym wdziękiem, warto więc ich dzisiaj słuchać. Samotność nie będzie wam służyć, lepiej się z kimś umówić. Sprzyjające wam znaki to Baran i Lew."
"bliznieta";"2021-04-10";"Bliźnięta wszystko dziś będą robić z radością. Jeśli pogoda dopisze, to spędźcie dzień na świeżym powietrzu. Warto też pamiętać, że marzenia się spełniają, tylko trzeba nad nimi trochę popracować. Dzień sprzyja zawieraniu przyjaźni, godzeniu się z ludźmi. Sprzyjające wam znaki to Rak i Lew."
"bliznieta";"2021-04-09";"Bliźnięta zapragną, aby ich zdanie było brane pod uwagę w każdej sprawie i nie zniosą żadnego sprzeciwu. Ostrożnie, taka zdecydowana postawa sprzyja kłótniom. Posłuchajcie, co mówią bliscy, bo ich pomysły też będą bardzo ciekawe. Sprzyjające wam znaki to Baran i Waga."
"bliznieta";"2021-04-08";"Bliźnięta zapragną natychmiast wyruszyć w podróż, a jeśli tego nie zrobią, to chociaż po południu odwiedzą znajomych lub nawet zastukają pod byle pretekstem do sąsiadów. Uważajcie, aby nie wplątać się w towarzyską aferę. Różne szokujące plotki okażą się grubo przesadzone. Sprzyjające wam znaki to Waga i Skorpion."
"bliznieta";"2021-04-07";"Bliźnięta rano będą leniuchować i zrzucać pracę na innych. Potem odzyskają siły. Zorganizują miłe spotkanie, zadziwią zapałem przyjaciół i bliskich. Kto czuje się samotny, niech poszuka dzisiaj do towarzystwa Bliźniaka. Sprzyjające wam znaki to Lew i Strzelec."
"bliznieta";"2021-04-06";"Bliźnięta czeka miły dzień. Po południu przyjaciele mogą namówić was do zmiany planów. Spotkanie lub spacer będą udane, ale nie bądźcie zbyt ciekawscy. Ktoś może poczuć się dotknięty zbyt osobistymi pytaniami. Sprzyjające wam znaki to Byk i Ryby."
"bliznieta";"2021-04-05";"Bliźnięta najpierw zaplanują wydatki na różne wiosenne zakupy, a potem zaczną się denerwować brakiem pieniędzy na prawdziwe luksusy. Los jednak szykuje wam miłą niespodziankę. Dziś nie martwcie się z byle powodu, tylko trochę odpocznijcie. Sprzyjające wam znaki to Byk i Koziorożec."
"bliznieta";"2021-04-04";"Bliźnięta docenią postępowanie bliskich im osób, a nawet postanowią kogoś szczególnie wynagrodzić. Będą wyjątkowo wyrozumiałe i otwarte, co zaskoczy niektórych podejrzliwych krewnych. Wielkanoc sprzyja zgodzie i miłości. Sprzyjające wam znaki to Panna i Koziorożec."
"bliznieta";"2021-04-03";"Bliźnięta będą melancholijne i wyciszone. Nie powinny brać na siebie dodatkowych obowiązków, bo dzisiaj nie ma co liczyć na domowników. Wieczorem warto obejrzeć ulubiony film lub zająć się ciekawą lekturą. Jutrzejsza Wielkanoc i tak będzie udana. Sprzyjające wam znaki to Skorpion i Koziorożec."
"bliznieta";"2021-04-02";"Bliźnięta będą miały więcej różnych obowiązków, ale dadzą sobie radę dzięki wsparciu rodziny. Świąteczne przygotowania i zakupy wymagać będą uwagi. Zdrowy obiad zapewni wam energię potrzebną do wszystkich ważnych zadań, a drzemka pomoże odreagować stresy. Sprzyjające wam znaki to Byk i Koziorożec."
"bliznieta";"2021-04-01";"Bliźnięta czeka niespokojny dzień. Bądźcie szczerzy, bo nie da się niczego ukryć przed wzrokiem szefa lub innej ważnej osoby. Sprawy rodzinne i ustalenia dotyczące wiosennych wydatków będą domagać się większej uwagi. Działajcie ze spokojem, a wszystko się uda. Sprzyjające wam znaki to Byk i Panna."
