"byk";"2021-04-30";"Byki będą dziś pochłonięte problemami, które dotyczą zdrowia, kondycji i urody. Przeczytają mądry artykuł na ten temat, podyskutują na forum i zapragną zmienić dietę lub nawet styl życia. Długi weekend przed wami, więc warto o siebie zadbać. Sprzyjające znaki to Panna i Waga."
"byk";"2021-04-29";"Byki muszą się liczyć ze zmianami wcześniej ułożonych planów. Ktoś się spóźni, a ważne sprawy zajmą więcej czasu. Poradzicie sobie dzięki umiejętności przystosowania się do nowej sytuacji. Nie kłóćcie się dziś, tylko negocjujcie. Wieczorem warto zadzwonić do przyjaciół, to poprawi wam humor."
"byk";"2021-04-28";"Byki będą wyciszone i zajęte prywatnymi sprawami. Nie martwcie się dzisiaj na zapas. Jeśli macie kłopoty, zaufajcie intuicji. Wieczorem film lub książka pozwoli wam odzyskać humor. Sprzyjający wam znak to Ryby."
"byk";"2021-04-27";"Byki będą dziś liczyć pieniądze i wyceniać swoje pomysły. Pełnia Księżyca sprzyja trafnym decyzjom finansowym i mądrym pomysłom na zdobycie gotówki. Swoimi planami nie dzielcie się ze wszystkimi, bo ktoś może pierwszy skorzystać z waszych pomysłów. Wieczorem zamiast liczyć kalorie, ugotujcie swoje ulubione danie. Chętnie pomoże wam je zjeść Skorpion lub Rak."
"byk";"2021-04-26";"Byki mają przed sobą spokojny dzień. Wreszcie uda się odpocząć, bo w pracy mniej się będzie dzisiaj działo. Miłość i rodzina okażą się najważniejsze. Niektóre Byki będą jednak roztargnione i zapominalskie. Pilnujcie toreb, telefonu i kluczy. Sprzyjające znaki to wam Panna i Wodnik."
"byk";"2021-04-25";"Byki będą spokojne i ciche. Najchętniej pogrążycie się w marzeniach i wspomnieniach. Nie róbcie niczego na pokaz i bądźcie szczerzy. Rozmowa z kimś, kto jest dla was autorytetem przyniesie zaskakujące decyzje i wnioski. Przychylne wam znaki zodiaku to Panna i Skorpion."
"byk";"2021-04-24";"Byki będą skoncentrowane i spokojne. Warto omawiać ważne rodzinne sprawy, a także rozmawiać i myśleć o rodzinnych inwestycjach. Ufajcie intuicji i nie dajcie się ponieść nerwom. To dobry dzień, aby podjąć poważne decyzje, które dotyczyć będą przyszłości. Sprzyjający wam znak zodiaku to Skorpion."
"byk";"2021-04-23";"Byki mają przed sobą spokojny dzień. Pilnujcie spraw finansowych, nie pozwólcie się oszukać czy wykorzystać. Dzień sprzyja spokojnej pracy. Uda się zrobić więcej niż zwykle, bo Byki będą obowiązkowe i systematyczne. Po południu zapragniecie odpocząć, ale najlepiej wybrać się na randkę."
"byk";"2021-04-22";"Byki zaczną dzień od zaplanowania sobie rozrywek na wieczór. Obdarzą komplementem i dobrym słowem każdego, kto smuci się z powodu sytuacji. Przy okazji zabawy czy towarzyskiego spotkania możecie nawet załatwić pewną sprawę służbową. Sprzyjające znaki to Strzelec i Rak."
"byk";"2021-04-21";"Byki czeka trudniejszy dzień. Ktoś dzisiaj Bykom może zagrażać, tylko nie panikujcie. Nie słuchajcie plotek i sami oceńcie, kto kłamie, a kto mówi prawdę. Samodzielność bardziej się wam opłaci. Sprzyjające wam znaki to Strzelec i Wodnik."
"byk";"2021-04-20";"Byki czeka ciekawy dzień. Nie będziecie się nudzić, bo wiele osób zapragnie poznać wasze zdanie. Nadarzy się okazja do gorących dyskusji, podczas których zyskacie szansę zdobycia ciekawych informacji. Dzień sprzyja sukcesom, Baran będzie was podziwiać."
"byk";"2021-04-19";"Byki poczują przypływ sił. Słońce i Merkury wkroczą dzisiaj do waszego znaku. Dziś uda się wam zmienić różne przyzwyczajenia, które wcale nie wychodzą wam na dobre. Dotrzymacie swoich postanowień. Sprzyjające znaki to Baran i Panna."
"byk";"2021-04-18";"Byki będą marzyć o błogim lenistwie i ciekawych dyskusjach. Do domowych prac i obowiązków trudno będzie was zmusić. Nie bądźcie jednak zbyt egoistyczni. Dzień sprzyja także randkom i spacerom. Zawarte przy tej okazji znajomości okażą się bardzo ciekawe. Przychylne wam znaki zodiaku to Baran i Lew."
"byk";"2021-04-17";"Byki będą spokojne i zamyślone. Wspomnienia i uczucia będą dla nich najważniejsze. Uważajcie podczas zakupów, bo ktoś może się pomylić na waszą niekorzyść. Pilnujcie telefonu i portfela, szczególnie podczas podróży lub zakupów w zatłoczonych miejscach. Sprzyjające wam znaki to Bliźnięta i Koziorożec."
"byk";"2021-04-16";"Byki będą dziś tajemnicze i nie tak rozmowne jak zazwyczaj. Pogrążą się w świecie wspomnień i marzeń. Radzimy dziś dbać o Byki. Nie zawsze przecież pragną towarzystwa, hucznej zabawy i plotek do białego rana. Czasami w piątek chcą po prostu odpocząć i nabrać sił na weekend. Sprzyjające znaki to Baran i Koziorożec."
"byk";"2021-04-15";"Byki będą wesołe i pewne siebie. Uważajcie, bo nie wszyscy skłonni będą wam wybaczać żarty i spóźnienia. Taki dzień lepiej poświęcić na odpoczynek i własne przemyślenia. Od ryzyka i nerwowych osób trzymajcie się dzisiaj z daleka. Sprzyjające wam znaki to Baran i Koziorożec."
"byk";"2021-04-14";"Przed Bykami dobry dzień. Wenus wkroczy do waszego znaku, a więc zróbcie coś ambitnego, a nawet wymagającego wysiłku. Wieczór to dobry czas na zajęcie się swoim stanem zdrowia, wybranie odpowiedniej diety czy domowe spa. Sprzyjające wam znaki to Panna i Lew."
"byk";"2021-04-13";"Byki będą ambitne, ale mogą dziś napotkać na drobne kłopoty. Bądźcie cierpliwi i opanowani, a uda się wam rozwiązać trudną zawodową sprawę. Wieczorem unikajcie sporów. Możecie być nerwowi, a nawet powiedzieć komuś coś niemiłego. Sprzyjający wam znak zodiaku to Koziorożec."
"byk";"2021-04-12";"Byki będą niespokojne i buntownicze. Mogą nie wykonać służbowego polecenia lub otwarcie zbuntować się przeciwko przepisom. Dzień sprzyja większym zakupom, domowym porządkom i gotowaniu potraw, jakie od dziecka lubicie. Sprzyjające wam znaki to Ryby i Skorpion."
"byk";"2021-04-11";"Byki zapragną dzisiaj spędzić dzień w domowych pieleszach. Nie dadzą się wyciągnąć na długi spacer, odpoczną w zaciszu własnych czterech ścian. Wieczorem przypomnijcie sobie swoje marzenia, może któreś z nich da się już zrealizować? Sprzyjające wam znaki to Baran i Waga."
"byk";"2021-04-10";"Byki będą dziś narzekać na swój stan zdrowia, pracę i finanse. Jeśli nie chcecie spędzić tego wolnego dnia samotnie, przestańcie narzekać. Korzystajcie z rozrywek, choć na chwilę zapomnijcie o pracy i obowiązkach. Wieczorem porozmawiajcie z przyjaciółmi. Sprzyjające wam znaki to Rak i Lew."
"byk";"2021-04-09";"Bykom uda się szybko zrealizować zawodowe plany. Czekają was sympatyczne zbiegi okoliczności, dobre pomysły dotyczące pracy wizyty osób, które lubicie. Pomogą wam przyjaciele, szczególnie kobiety. Sprzyjające wam znaki to Baran i Koziorożec."
"byk";"2021-04-08";"Byki będą dziś zastanawiać się nad przebudową domu czy przemeblowaniem. Na temat róznych potrzeb, planów i wydatków będziecie rozmawiać z całą rodziną. Nie zanudźcie tym tylko znajomych. Warto dopuścić do głosu Barana lub Lwa, bo czegoś się od nich dowiecie. Sprzyjające wam znaki to Baran i Strzelec."
"byk";"2021-04-07";"Byki będą zaskakiwały swoimi pomysłami na spędzenie dnia. W pracy szybko zróbcie to, co niezbędne, a potem zajmijcie się wprowadzaniem zmian. Wieczorem odpocznijcie w miłym towarzystwie, zamiast pomagać w domowych porządkach. Sprzyjające wam znaki to Rak i Skorpion."
"byk";"2021-04-06";"Byki będą zajęte porządkami. Intuicja was nie zawiedzie, a różne swoje rzeczy i zapiski trzeba schować. Możliwe są odwiedziny kogoś wścibskiego z dalszej rodziny. Wieczorem nie siedźcie zbyt długo przed komputerem lub telewizorem, lepiej się porządnie wyspać. Sprzyjające wam znaki to Bliźnięta i Lew."
"byk";"2021-04-05";"Byki wpadną na pomysły, które zaskoczą otoczenie. Dzień najbardziej sprzyja zabawie z młodszymi krewnymi lub różnym rozrywkom. Będziecie towarzyscy i optymistyczni. Nawet w Internecie Byki mają szansę zapoczątkować obiecującą znajomość. Sprzyjające wam znaki to Rak i Waga."
"byk";"2021-04-04";"Byki odkryją nowe powołanie lub dostrzegą w sobie niezwykły talent. Pewna osoba z rodziny, która lubi wszystkich krytykować, może poczuć się zaskoczona tymi odważnymi pomysłami. Nie rezygnujcie jednak z tego, na co macie ochotę. Dobrze zrozumieją was dzisiaj Lew i Wodnik."
"byk";"2021-04-03";"Byki mogą zapomnieć o obowiązkach i umówionych spotkaniach lub w ostatniej chwili zmienić wszystkie plany. Dzień sprzyja odważnym decyzjom i ucieczce od gotowania lub sprzątania. Kiedyś przecież trzeba wreszcie choć trochę odpocząć, a jutro i tak wszyscy będą w dobrych humorach. Zrozumie was Rak."
"byk";"2021-04-02";"Byki będą myśleć o pieniądzach i interesach, a nie przedświątecznych porządkach. Wiadomości z wielkiego świata zainspirują je do działania. Za wzór postawią sobie osoby kreatywne, odważne i wybiegające swoimi pomysłami daleko w przyszłość. Sprzyjające wam znaki to Baran i Rak."
"byk";"2021-04-01";"Byki staną się obowiązkowe. Warto podjąć się wyjaśniania zaległych spraw, zawierania zgody i łagodzenia nieporozumień. Ppoczątek kwietnia sprzyja przedsiębiorczym Bykom, zwłaszcza jeśli chcecie na czymś zarobić. Łapcie nowe szanse! Sprzyjające wam znaki to Rak i Wodnik."
