"byk","2021-03-16","16 marca 2021","Byki będą w dobrym nastroju. Chętnie wybaczycie urazy i przymkniecie oko na cudze błędy. Wieczorem postarajcie się nie wtrącać w cudze sprawy, bo wasze dobre intencje mogą zostać źle zrozumiane. Lepiej idźcie na spacer lub zajmijcie się hobby. Sprzyjające wam znaki zodiaku to Rak i Ryby."
"byk","2021-03-15","15 marca 2021","Byki będą romantyczne i nostalgiczne. Przejrzą fotografie, przypomną sobie starych znajomych i zaczną tęsknić za dawnymi czasami. Wieczorem bliska osoba rozweseli was sympatycznym żartem. Sprzyjające wam znaki to Rak i Skorpion, nie złośćcie się na Wodnika żartownisia."
"byk","2021-03-14","14 marca 2021","Byki będą dziś wierne tradycji, co może bardzo zadziwić ich znajomych i bliskich. Nowoczesne wynalazki i rewolucyjne pomysły nie będą dziś was zachwycać. Możecie być sentymentalni i bardzo opiekuńczy. Dzień sprzyja pomaganiu rodzinie i trosce o zdrowie. Sprzyjający wam znak zodiaku to spokojny Rak."
"byk","2021-03-13","13 marca 2021","Byki będą bardzo tajemnicze. Rano waszą uwagę zaprzątną ponure i dziwne historie, których wyjaśnienie okaże się dość trudne. W sprawach finansowych uważajcie, bo ktoś może próbować posunąć się za daleko w swoich żądaniach. Po południu humor poprawią wam przyjaciele. Sprzyjający znak zodiaku to Skorpion."
"byk","2021-03-12","12 marca 2021","Byki staną dziś na straży domowego porządku i rodzinnej tradycji. Od rana będziecie niezwykle energiczni i bardzo wymagający. Przyda się wam więcej uśmiechu i optymizmu. Najlepsza pora dnia to popołudnie. Warto wybrać się na spacer i odpocząć od nużących obowiązków. Przychylny wam znak zodiaku to Rak."
"byk","2021-03-11","11 marca 2021","Byki będą ciche i spokojne, jednak w ich sercach gotować się będzie wiele silnych emocji. Ukryte sprawy i rodzinne tajemnice bardzo was dziś zainteresują. Przed waszym czujnym okiem niczego nie da się ukryć. Nie bądźcie jednak zazdrośni i nie denerwujcie się z byle powodu. Sprzyjający wam znak zodiaku to ciekawskie Bliźnięta."
"byk","2021-03-10","10 marca 2021","Byki czeka niespokojny dzień. Będziecie niecierpliwi i skłonni do podejmowania bardzo pośpiesznych decyzji. Przypadkowo mogą wyjść na jaw niedociągnięcia i zaniedbania, na które dotychczas nie zwracaliście uwagi. Sprzyjający wam znak zodiaku to Panna."
"byk","2021-03-09","9 marca 2021","Byki mogą dziś mieć trudności z przedstawianiem swoich pomysłów i planów. Ludzie mogą was nie zrozumieć, a wasze polecenia wykonać na opak. Zamiast złościć się na innych, lepiej osobiście pilnujcie ważnych spraw. Popołudnie sprzyja nawiązywaniu romantycznych znajomości. Sprzyja wam Lew."
"byk","2021-03-08","8 marca 2021","Byki mogą dziś liczyć na szczęśliwe zbiegi okoliczności. Wyjaśni się jakaś tajemnicza sprawa lub odnajdzie ważny przedmiot. Nie wstydźcie się przedstawiać ludziom swoich pomysłów. Macie szansę zyskać uznanie, a nawet dodatkowe pieniądze.Sprzyjający wam znak zodiaku to Lew."
"byk","2021-03-07","7 marca 2021","Byki przejmą się dzisiaj losem innych ludzi. Niespodziewanie okaże się, że trzeba komuś pomóc. Nie ulegajcie presji otoczenia i zostawcie trochę czasu tylko dla siebie. Dzień sprzyja mądrym decyzjom, które dotyczą zdrowia, kondycji i urody. Wieczorem warto obejrzeć dobry film. Przychylny wam znak zodiaku to Waga."
"byk","2021-03-06","6 marca 2021","Byki czeka miły dzień. Zaufajcie przyjaciołom i nie odrzucajcie zaproszeń na towarzyskie spotkania. Macie szansę zyskać ciekawych znajomych, którzy zainspirują was do nowych i dochodowych pomysłów. Wieczorem uważajcie jednak, aby wasze zachcianki nie stały się zbyt ryzykowne. Sprzyjający wam znak zodiaku to Baran."
"byk","2021-03-05","5 marca 2021","Byki będą dziś niespokojne. Zastanowicie się czemu zarabiacie tak mało i pomyślicie z zazdrością o współpracownikach. Lepiej nie myślcie o zakupach, bo nabawicie się chandry. Wieczorem wpadniecie na bardzo dobry pomysł, który dotyczyć będzie pracy i zarobków. Sprzyjające wam znaki zodiaku to Bliźnięta i Waga."
"byk","2021-03-04","4 marca 2021","Byki będą dziś energiczne i wesołe. Załatwicie ważne sprawy i jeszcze zostanie wam trochę czasu na przyjemności. Pomyślcie dziś o sobie i bądźcie trochę egoistami. Warto zająć się swoją kondycją i wyglądem. Wieczorem nie dajcie się sprowokować do kłótni i nieprzewidzianych zakupów, do których namawiać was może Lew lub Ryby."
"byk","2021-03-03","3 marca 2021","Byki będą dziś pracowite i obowiązkowe. Wasz upór i zdecydowanie przyniosą korzyści. Nie upierajcie się jednak za bardzo przy swoich pomysłach i nie krytykujcie bliskich. Dzień sprzyja przede wszystkim sprawom związanym ze zdrowiem. W miłości wskazana jest większa rozwaga. Przychylny wam znak zodiaku to Wodnik."
"byk","2021-03-02","2 marca 2021","Byki chętnie wybiorą się na spacer lub posłuchają opowieści niesamowitych przygodach. Skoncentrujcie się na tym, co robicie, bo trudno wam będzie dokończyć rozpoczęte dziś sprawy. Punktualność to podstawa sukcesu. Sprzyjające wam znaki to Baran i Strzelec."
