"koziorozec";"2021-04-30";"Koziorożce postanowią zmienić świat na lepszy. Podejmą się łagodzenia konfliktów, chętnie pomogą innym ludziom. Dziś zyskacie autorytet i uznanie dzięki swoim odważnym czynom i otwartemu sercu. Sprzyjające znaki to Baran i Wodnik."
"koziorozec";"2021-04-29";"Koziorożce będą spokojne i czułe. Na ich życzliwość i wyrozumiałość można będzie liczyć. Po południu sprawy domowe wymagać będą uwagi. Poświęćcie więcej czasu bliskim. Nie ignorujcie poufnych wiadomości i przeczuć, bo wiele tajemniczych spraw uda się dziś wyjaśnić."
"koziorozec";"2021-04-28";"Koziorożce będą w dobrym humorze. Pracujcie i inwestujcie, ale nie zapominajcie o obowiązkach wobec bliskich. Mimo dość zajętego dnia, rozmowa z krewnymi poprawi wam samopoczucie. Sprzyjający wam znak to Byk."
"koziorozec";"2021-04-27";"Koziorożce mogą czuć się osłabione i nie powinny zanadto się męczyć. Łatwo dziś o pomyłkę czy nawet zgubę. Nie obiecujcie zbyt wiele i unikajcie ryzyka. Po południu szykuje się randka lub trochę rozrywki. Dzisiejsza pełnia Księżyca sprawi, że jednak zrobi się gorąco. Sprzyjający wam znak zodiaku to Rak."
"koziorozec";"2021-04-26";"Koziorożce powinny być ostrożne i czujne. Jakaś okazja czeka, aby ją złapać i szybko wykorzystać. Opracujcie dobry plan, a potem spokojnie zróbcie to, co ważne. Do zawodowych i finansowych spraw macie dzisiaj nosa. Sprzyjające znaki to wam Wodnik i Ryby."
"koziorozec";"2021-04-25";"Koziorożce przez cały dzień będą opanowane i powściągliwe. Na wasze decyzje wpłyną wspomnienia i nieoczekiwane wnioski, które dotyczyć będą przeszłości. Nie róbcie dziś niczego na siłę. Popołudnie sprzyja także zabawie i odpoczynkowi. Przychylne wam znaki zodiaku to Skorpion i Ryby."
"koziorozec";"2021-04-24";"Koziorożce mogą mieć problemy z koncentracją i przez to niepotrzebnie się złościć. Odpocznijcie i nie bierzcie na siebie zbyt wielu dodatkowych domowych obowiązków. Po południu poczujecie się lepiej. Warto zadbać o więcej ruchu, wybrać się na spacer. To poprawi wam humor. Sprzyjający wam znak to Ryby."
"koziorozec";"2021-04-23";"Koziorożce czeka dzień pełen zamieszania. Nie bądźcie krytyczni wobec siebie i innych, bo nikt nie jest doskonały. Jeśli nie czujecie się dobrze przygotowani, to lepiej nie podejmujcie się nowych i trudnych zadań. Intuicja podpowie wam jak uniknąć kłopotów i nieprzyjemnych ludzi. Sprzyjają wam Lwy i Skorpiony."
"koziorozec";"2021-04-22";"Koziorożce zapragną natychmiast wyjechać w daleką podróż, a nawet zaczną szukać miejsca żeby schować się przed całym światem. Warto zadzwonić do przyjaciół w poszukiwaniu porady. Coś się uda załatwić. Sprzyjające znaki to Waga i Wodnik."
"koziorozec";"2021-04-21";"Koziorożce będą spragnione uczuć i dowodów przywiązania. Niektóre posunąć się mogą do scen zazdrości, jeśli partner nie będzie na nie zwracał uwagi. W pracy ostrożnie, nie pozwólcie się sprowokować do wygłaszania nieprzemyślanych sądów. Sprzyjające wam znaki to Bliźnięta i Waga."
"koziorozec";"2021-04-20";"Koziorożce będą pracowite i ostrożne. Nie dziwcie się, jeśli ktoś poprosi was o pomoc. Aura sprzyja nadrabianiu zaległości i kontaktom z ważnymi osobami. Wrogiem Koziorożców są dziś drobiazgi i szczegóły. Uważajcie na nie! Czytajcie dwa razy ważne dokumenty i bądźcie ostrożni w bankach czy urzędach. Pomoże wam Rak."
"koziorozec";"2021-04-19";"Koziorożce nie zechcą dzielić się z nikim swoimi sekretami. Nie bądźcie przez cały dzień takimi ponurakami, bo ktoś sympatyczny może się na was obrazić. Pójdźcie na spacer lub zacznijcie uprawiać jogę, a poczujecie się lepiej. Sprzyjające znaki to Lew i Panna."
"koziorozec";"2021-04-18";"Koziorożce będą w dobrym nastroju. Będziecie odważni i bezkompromisowi. Wykorzystajcie przypływ energii, aby rano załatwić rodzinne sprawy, a wolne chwile przeznaczcie na odpoczynek. Mimo leniwej aury dzień sprzyja odkrywaniu nowych zainteresowań. Przychylny wam znak zodiaku to sympatyczny Wodnik."
"koziorozec";"2021-04-17";"Koziorożce będą dziś trudnymi partnerami do rozmów. W każdej sytuacji będą chciały postawić na swoim. W miłości uważajcie, bo taka postawa może doprowadzić do awantury. Unikajcie konfliktów, a wszystko ułoży się po waszej myśli. Sprzyjające wam znaki to Waga i Ryby."
"koziorozec";"2021-04-16";"Koziorożce od rana będą myśleć o odpoczynku. Szybko uporają się z domowymi obowiązkami, a potem zajmą się planowaniem weekendowych rozrywek. Do serca Koziorożców trafić dziś można przez żołądek. Może ktoś zaskoczy was dzisiaj przepisem na danie, jakiego nie znacie. Sprzyjające wam znaki to Byk i Rak."
"koziorozec";"2021-04-15";"Koziorożce powinny być ostrożniejsze. Pociągać was będą tajemnice i cudze sekrety. Uważajcie aby nie zrobić komuś krzywdy. Dopiero wieczorem nadejdzie czas na wyjaśnienia i porządki, a sytuacja stanie się jasna. Sprzyjające wam znaki to Rak i Panna, uważajcie na nerwowego Koziorożca."
"koziorozec";"2021-04-14";"Dla Koziorożców nie będzie to zwykły dzień. Okaże się, kto wam sprzyja, a kto działa na niekorzyść. Uważajcie, bo podejrzliwość może doprowadzić do niesprawiedliwych oskarżeń, a pewnych spraw nie da się już potem cofnąć. Sprzyjające wam znaki to Byk i Waga."
"koziorozec";"2021-04-13";"Koziorożce mają przed sobą interesujący dzień. Wasze niekonwencjonalne pomysły będą się podobać. Nadarzy się dziś okazja wyjaśnienia problemów lub przyczyn dziwnego zachowania współpracowników. Jeśli odkryjecie sekret, to zatrzymajcie go dla siebie. Sprzyjający wam znak zodiaku to Skorpion."
"koziorozec";"2021-04-12";"Koziorożce będą ciekawskie i to doprowadzi je do ważnego odkrycia. Informacjami, jakie przez przypadek zdobędą nie podzielą się z nikim. Dzień sprzyja sprawom, które związane są z finansami, możecie dziś dobrze zainwestować lub dostrzec szansę na podwyżkę. Sprzyjające wam znaki to Skorpion i Panna."
"koziorozec";"2021-04-11";"Koziorożce przestaną dzisiaj myśleć o innych i zajmą się różnymi tajemniczymi sprawami. Nie warto dziś denerwować Koziorożców, będą dziś chciały mieć czas tylko dla siebie. Warto przypomnieć sobie o hobby lub grze sprzed lat, bo znów będzie wesoło. Sprzyjające wam znaki to Panna i Waga."
"koziorozec";"2021-04-10";"Koziorożce czeka bardzo dobry dzień. Udadzą się wszelkie nowe przedsięwzięcia, nawet te najbardziej szalone. Nie rezygnujcie zbyt szybko z dzisiejszych planów. Wykorzystajcie jak najlepiej ten wolny dzień. Wspaniała passa dla artystów i zakochanych. Sprzyjające wam znaki to Rak i Ryby."
"koziorozec";"2021-04-09";"Koziorożce zapomną o nieporozumieniach i kłótniach, a nawet bez specjalnej okazji sprawią komuś sympatyczny prezent. Popołudnie sprzyja udanym zakupom, a także układaniu planów róznych spotkań i rozrywek. Sprzyjające wam znaki to Baran i Strzelec."
"koziorozec";"2021-04-08";"Koziorożce od rana będą miały niezwykłe pomysły. Wasze żarty będą się podobać, ktoś stanie się waszym wiernym fanem. Uważajcie tylko w miłości i nie mówcie ukochanej osobie tego, czego nie jesteście pewni. Jeśli wyznania, to tylko prawdziwe i gorące. Sprzyjające wam znaki to Baran i Bliźnięta."
"koziorozec";"2021-04-07";"Koziorożce zrobią szczegółowy plan dnia, będą skoncentrowane i obowiązkowe. Po południu jednak wszystko się zmieni. Będziecie otwarci na propozycje przyjaciół, chętnie wybierzecie się spacer czy zorganizujecie wspólne oglądanie seriali lub gry. Sprzyjające wam znaki to Bliźniak i Strzelec."
"koziorozec";"2021-04-06";"Koziorożce znajdą tysiąc spraw do załatwienia i omówienia. Będą chciały, aby wszyscy liczyli się z ich decyzjami i nie będą tolerować sprzeciwu. Na szczęście w ciągu dnia dużo uda się zrobić. Wieczorem Koziorożce będą bardziej wyrozumiałe i otwarte na nowe pomysły. Sprzyjające wam znaki to Bliźnięta i Rak."
"koziorozec";"2021-04-05";"Koziorożce zaczną słuchać tego, co mówią inni. Nie poddawajcie się tylko wpływowi osób, które same dobrze nie wiedzą, czego chcą. Dobrej rady udzieli wam przedsiębiorcza Panna, ale ostrożnie gdy za doradzanie zabiera się Byk lub Ryba. Wieczorem macie powodzenie w miłości."
"koziorozec";"2021-04-04";"Koziorożce będą rozmawiać z rodziną o przyszłości. Chętnie zaplanują różne bardzo ważne wydatki, a potem zaczną się denerwować i postanowią oszczędzać. A może lepiej odpocząć i odlożyć na bok trudne tematy? W razie wątpliwości ktoś bliski udzieli wam dobrej rady. Sprzyjające wam znaki to Rak i Panna."
"koziorozec";"2021-04-03";"Koziorożce będą pracowite i obowiązkowe. Plan przedświątecznych obowiązków zostanie wykonany, a dodatkowo Koziorożce wymyślą nowy sposób zaoszczędzenia pieniędzy. Na randkę możecie nie mieć niestety wiele czasu, ale szkoda zrywać z byle powodu. Sprzyjające wam znaki to Byk i Wodnik."
"koziorozec";"2021-04-02";"Koziorożce będą spokojniejsze niż zwykle. Mogą nawet coś zgubić lub zapomnieć, bo pogrążone będą w świecie marzeń. Po południu dobra passa dla artystów i zakochanych. Mimo tego unikajcie ryzyka i dbajcie o równowagę. Sprzyjające wam znaki to Byk i Panna."
"koziorozec";"2021-04-01";"Koziorożce będą bardzo zajęte i świetnie zorganizowane. Ważne obowiązki od rana zaprzątną waszą uwagę, będzie wiele biegania i wyjaśniania. Wieczorem uważajcie na zdrowie, a na wiosenny spacer jednak załóżcie ciepły sweter. Sprzyjające wam znaki to Koziorożec i Ryby."
