"koziorozec","2021-03-16","16 marca 2021","Koziorożce będą dziś bardzo towarzyskie i wrażliwe na opinie innych ludzi. Dzięki umiejętności negocjowania i poparciu ważnej osoby uzyskacie dziś więcej niż inni. Po południu możliwe są niespodziewanie spotkania towarzyskie i niespodzianki. Sprzyjający wam znak zodiaku to Waga."
"koziorozec","2021-03-15","15 marca 2021","Koziorożce czeka pracowity dzień. Ważne spotkania i pilne telefony pochłoną wam czas, ale wszystko się uda. Zawarte dziś znajomości okażą się korzystne. Tylko na rodzinnych spotkaniach nie bądźcie buntownikami. Sprzyjające wam znaki to Strzelec i Wodnik."
"koziorozec","2021-03-14","14 marca 2021","Koziorożce będą dziś tajemnicze i bardzo dociekliwe. Tropić będziecie tajne plany i układy, a przed waszym czujnym okiem nic się nie ukryje. Uważajcie, aby nie zagubić się w świecie fantastycznych domysłów i o niecne czyny nie posądzić kogoś niewinnego. Dobrej rady udzieli wam Skorpion."
"koziorozec","2021-03-13","13 marca 2021","Koziorożce będą ambitne i dokładne. Wykorzystajcie przepisy na swoją korzyść, a odniesiecie dziś zawodowy sukces. Wobec przeciwników bądźcie uprzejmi, ale także bardziej pewni siebie. Dzień sprzyja rozmowom z krewnymi, od których zależą różne wasze sprawy. Wobec Barana przyda się więcej wyrozumiałości."
"koziorozec","2021-03-12","12 marca 2021","Koziorożce nagle przypomną sobie o zawodowych sprawach i zaległościach. Postarajcie się od razu wyjaśnić nieporozumienia i zwracajcie baczną uwagę na drobiazgi i szczegóły. Po południu poświęćcie więcej uwagi sprawom zdrowia i kondycji. Sprzyjający wam znak zodiaku to Wodnik."
"koziorozec","2021-03-11","11 marca 2021","Koziorożce będą dziś skoncentrowane na własnych zyskach i płynących z tego przyjemnościach. Dzień sprzyja mądrym decyzjom zawodowym. Słuchajcie, co mówią inni, a wiele się dziś nauczycie. Ktoś zdradzi wam swój sekret. Przychylne wam znaki zodiaku to Byk i Skorpion."
"koziorozec","2021-03-10","10 marca 2021","Koziorożce zabiorą się wreszcie za wszystkie zaległe sprawy. Dzień sprzyja podejmowaniu mądrych decyzji, które dotyczą edkuacji czy podróży. Zapomnijcie dziś o starych konfliktach i uprzedzeniach, bo macie dobrą rękę do nowych spraw i znajomości. Sprzyjający wam znak zodiaku to ambitny Lew."
"koziorozec","2021-03-09","9 marca 2021","Koziorożce będą dziś wyrozumiałe i spokojne. Nowe pomysły i ryzykowne przedsięwzięcia nie będą was pociągać. Wobec obcych osób zachowacie dystans. Dzień sprzyja sprawom domowym i opiece nad rodziną. Tradycja i wspomnienia będą miały duży wpływ na wasze dzisiejsze decyzje. Sprzyjający wam znak zodiaku to Rak."
"koziorozec","2021-03-08","8 marca 2021","Koziorożce będą dziś ambitne i bardzo pomysłowe. Zróbcie wszystko, co możliwe, aby wyprzedzić konkurencję. Tylko nie łamcie przepisów i zasad, bo zwierzchnicy patrzeć dziś będą na was z wielką uwagą. Lepiej być ostrożnym, niż potem się tłumaczyć. Sprzyjający wam znak zodiaku to Strzelec."
"koziorozec","2021-03-07","7 marca 2021","Koziorożce powinny dziś być bardziej ostrożne, bo mogą być roztrzepane i nieuważne. Możliwe są różne zabawne pomyłki i zbiegi okoliczności, których wyjaśnianie zajmie wiele sił i czasu. Na szczęście z pomocą przyjdą wam dziś starzy przyjaciele. Przychylny wam znak zodiaku to Wodnik."
"koziorozec","2021-03-06","6 marca 2021","Koziorożce będą dziś w swoim żywiole. Poczucie humoru i wyrozumiałość to cechy, które zjednają wam nowych przyjaciół. Aura sprzyja beztroskiej zabawie i niespodziewanym spotkaniom. Pomysły, na jakie dziś wpadniecie będą bardzo ciekawe. Najlepsza pora dnia to popołudnie, a sprzyjające wam znaki zodiaku to Bliźnięta i Lew."
"koziorozec","2021-03-05","5 marca 2021","Koziorożce będą dziś niespokojne. Nie wymagajcie za wiele od siebie i od świata. Dzień sprzyja poważnym przemyśleniom na tematy osobiste. Intuicja pomoże wam rozwiązać stare problemy. Podczas transakcji finansowych bądźcie uważni i ostrożni, nie ufajcie zbyt pięknym obietnicom. Przychylny wam znak zodiaku to Skorpion."
"koziorozec","2021-03-04","4 marca 2021","Koziorożce poczują się znudzone swoim dotychczasowym życiem. Będziecie niecierpliwi, a nawet wybuchowi. Z tęsknotą pomyślicie o podróżach i egzotycznych przygodach. W pracy bądźcie uważni, bo trudno wam będzie skoncentrować się na wykonywanym zajęciu. W razie potrzeby pomoże wam Baran."
"koziorozec","2021-03-03","3 marca 2021","Koziorożce będą ambitne, ale mogą dziś napotkać na drobne kłopoty. Bądźcie cierpliwi i opanowani, a uda się wam rozwiązać trudną zawodową sprawę. Wieczorem unikajcie sporów. Możecie być nerwowi, a nawet powiedzieć komuś coś niemiłego. Sprzyjający wam znak zodiaku to Baran."
"koziorozec","2021-03-02","2 marca 2021","Koziorożce nie usiedzą długo w jednym miejscu. Szybko załatwią różne urzędowe i towarzyskie sprawy. Ludzie będą wam przychylni, ale nie lepiej sugerować się cudzymi opiniami. Ufajcie własnemu doświadczeniu. Sprzyjające wam znaki to Byki i Wagi."
