"lew";"2021-04-30";"Lwy będą pochłonięte ciekawymi sprawami towarzyskimi. Przy okazji spotkania z przyjaciółmi wyjaśnią wielką aferę lub odkryją źródło poufnych informacji. Popołudnie sprzyja uprawianiu sportu. Wybierzcie się na spacer lub trochę poćwiczcie w domu, bo inaczej możecie stać się nerwowi. Sprzyjające znaki to Waga i Koziorożec."
"lew";"2021-04-29";"Lwy mają przed sobą sympatyczny dzień. Czeka was poprawa humoru i przypływ sił życiowych. Warto planować ambitne przedsięwzięcia, bo dziś uda się zrobić więcej niż zwykle. Wieczorem ogarnie was filozoficzny nastrój, chętnie zaangażujecie się w dyskusję na poważny temat."
"lew";"2021-04-28";"Lwy od rana cieszyć się będą dobrym humorem. Załatwiajcie trudniejsze sprawy, a potem odwiedzajcie znajomych i układajcie plany na przyszłość. Nie wydawajcie tylko więcej pieniędzy niż macie na koncie. Sprzyjające wam znaki to Rak i Strzelec."
"lew";"2021-04-27";"Lwy będą niespokojne, a nawet niepotrzebnie nerwowe. W każdej sytuacji zapragniecie zaznaczyć swą niezależność, a także zerwać z nudą i rutyną. Wasze plany udadzą się, jeśli tylko zrobicie plan działań i będziecie potem pamiętać o złożonych dzisiaj obietnicach. Sprzyjający wam znak zodiaku to Wodnik."
"lew";"2021-04-26";"Lwy mogą liczyć na dobre wiadomości lub zaproszenia. Krewni zainteresują się waszym losem, ale też opowiedzą o niezwykłych przygodach. Ciekawostek zebrało tyle, że możecie nie zdążyć omówić dzisiaj wszystkich intrygujących spraw. Samotne Lwy mają dziś szczęście w miłości. Sprzyjające znaki to wam Byk i Strzelec."
"lew";"2021-04-25";"Lwy czeka udany dzień. Rozweselicie nawet najsmutniejszych znajomych i ani przez chwilę nie będziecie się nudzić. Nie odmawiajcie też pomocy w kuchennych obowiązkach, a zyskacie uznanie. Pokażecie wszystkim, że na Lwach można polegać. Przychylne wam znaki zodiaku to Baran i Panna."
"lew";"2021-04-24";"Lwy czeka sympatyczny dzień. Szczęście wam sprzyja, warto więc uporać się z ważną i trudną rodzinną sprawą. Po południu pomyślcie chwilę o planach na przyszłość. Macie szansę wpaść na pomysł, który zapewni wam powodzenie finansowe. Sprzyjający wam znak to energiczny Baran."
"lew";"2021-04-23";"Lwy będą odważne i buntownicze. Wasz bojowy nastrój łatwo udzieli się innym. Będziecie bronić sprawiedliwości i przemawiać w imieniu słabszych. Dzień sprzyja nowym znajomościom, które zmienić mogą wasz punkt widzenia. Sprzyjający wam znak zodiaku to Wodnik."
"lew";"2021-04-22";"Lwy będą dziś niechętne do opowiadania o swoich nastrojach i uczuciach. Tylko bardzo cierpliwe i życzliwe im osoby będą w stanie wyciągnąć je gdzieś wieczorem. Nie zniechęcajcie do siebie wszystkich przyjaznych osób, bo kiedyś możecie potrzebować ich pomocy. Sprzyjające znaki to Skorpion i Koziorożec."
"lew";"2021-04-21";"Lwy czeka udany dzień. Dobre wiadomości poprawią wam humor. Uśmiechajcie się częściej. Dzień sprzyja ciekawym pomysłom zawodowym oraz udanym zakupom. Także w miłości sprzyja wam szczęście. Sprzyjające wam znaki to Baran i Byk."
"lew";"2021-04-20";"Lwy chętnie pozbędą się wszystkich trosk, a ważne sprawy przełożą na inny dzień. Spotkania towarzyskie, randki i miłe telefony dostarczą wam wiele radości. Lwy, które zajmują się sztuką mogą liczyć na przypływ twórczego natchnienia. Ludzie będą wam sprzyjać. Popatrzcie na sympatycznego Byka, a wiele się nauczycie."
"lew";"2021-04-19";"Lwy zapragną stać się przez wszystkich lubiane, powiedzą komuś kilka komplementów. Wpływ planet dobrze wróży nauce i interesom. Pewien współpracownik poprosi was o radę i pomoc. Nie odmawiajcie, bo wspólnie odniesiecie większą korzyść. Sprzyjające znaki to Strzelec i Wodnik."
"lew";"2021-04-18";"Lwy będą bardzo zajęte sprawami rodziny. Wysłuchajcie bliskich, a dowiecie się więcej o kilku ciekawych rodzinnych sekretach. Będziecie wyjaśniać ważne sprawy, a nawet dzielić pieniądze. Po południu poczujecie przypływ sił, ale aby odpocząć, będziecie musieli zmienić wcześniejsze plany. Przychylny wam znak zodiaku to Rak."
"lew";"2021-04-17";"Lwy mają przed sobą bardzo dobry dzień. Niespodziewane wiadomości poprawią wam humor. Niektóre Lwy postanowią gdzieś się dzisiaj wybrać, jeśli nie możecie zorganizować zabawy w większym gronie, to wyjdźcie chociaż na spacer. Sprzyjające wam znaki to Baran i Wodnik."
"lew";"2021-04-16";"Lwy mają przed sobą fantastyczny dzień, szczęście wam sprzyja. Będziecie energiczni i zdecydowani. Warto omawiać z rodziną nowe pomysły, bo przyniosą wam pomyślność i zadowolenie. Zakochane Lwy mają przed sobą wieczór pełen sympatycznych wzruszeń. Sprzyjające wam znaki to Bliźnięta i Waga."
"lew";"2021-04-15";"Lwy staną się obowiązkowe. Warto podjąć się wyjaśniania zaległych spraw, zawierania zgody i łagodzenia nieporozumień. Aura sprzyja przedsiębiorczym Lwom zwłaszcza jeśli chcecie na czymś zarobić, dlatego warto będzie zabrać się za ważne sprawy. Sprzyjające wam znaki to Rak i Wodnik."
"lew";"2021-04-14";"Lwy będą pochłonięte sprawami rodzinnymi. Nic nie będzie od tego ważniejsze i nawet randka musi zaczekać. Planowanie wizyt czy popołudniowych zadań dla rodziny zajmie wam dużo czasu, ale wszyscy na tym skorzystają. Sprzyjające wam znaki to Byk i Panna."
"lew";"2021-04-13";"Lwy czeka sympatyczny dzień. Będziecie optymistyczni i weseli, a sił do uporania się z trudnymi sprawami wam nie zabraknie. Ludzie chętnie będą was słuchać i pytać o radę. Wieczorem bądźcie jednak ostrożni i unikajcie podejrzanych okolic. Chęć poczucia silniejszych emocji najlepiej zrealizujecie oglądając horror w towarzystwie Skorpiona."
"lew";"2021-04-12";"Lwy będą ambitne i niezwykle pomysłowe. Stworzą coś niepowtarzalnego lub wpadną na pomysł, który zadziwi szefa. Wieczorem pojawi się artystyczne natchnienie, a dzisiejszy nów Księżyca sprzyja nawet proroczym przeczuciom i snom. Sprzyjające wam znaki to Rak i Ryby."
"lew";"2021-04-11";"Lwy będą dziś towarzyskie, skłonne do rozmów i żartów. Nie siedźcie dzisiaj w domu, bo im więcej przyjaciół spotkacie na spacerze, tym więcej szczęścia dla was. Warto dziś więcej czasu poświęcić swojemu hobby, ale tylko w dobrym towarzystwie. Sprzyjające wam znaki to Bliźnięta i Waga."
"lew";"2021-04-10";"Na Lwy czekają dziś trudne, ale inspirujące zadania. Mimo wolnego dnia z przyjemnością poświęcicie trochę swojego czasu innym. Będziecie komuś pomagać, a nawet poświęcać się dla dobra ogółu. Nie obiecujcie jednak zbyt wiele płaczliwej Rybie. Sprzyjające wam znaki to Baran i Strzelec."
"lew";"2021-04-09";"Lwy będą dziś skryte. Tylko bardzo cierpliwe i życzliwe im osoby będą w stanie wyciągnąć od nich jakieś sekrety. Odpocznijcie, a po południu najlepiej zajmijcie się zdrowiem i własną urodą. Czasami trzeba zwolnić tempa. Sprzyjające wam znaki to Rak i Panna."
"lew";"2021-04-08";"Lwy będą romantyczne i nostalgiczne. Przejrzą zdjęcia z wyjazdów, przypomną sobie o starych znajomych i zaczną tęsknić za dawnymi czasami. Wieczorem bliska osoba rozweseli was sympatycznym żartem. Sprzyjające wam znaki to Baran i Skorpion, nie złośćcie się na Wodnika żartownisia."
"lew";"2021-04-07";"Lwy będą spełniać swoje zachcianki. Zakupy, domowe spa lub sport to najlepsze sposoby na spędzenie czasu. Dopiero wieczorem zaczniecie zwracać uwagę na cudze potrzeby. Ktoś poprosi o pomoc, a Lwy jednak nie odmówią. Sprzyjające wam znaki to Baran i Wodnik."
"lew";"2021-04-06";"Lwy czeka miły dzień, choć podczas zakupów mogą dziś wydać zbyt wiele. Możliwe ciekawe propozycje różnych spotkań, szkoleń lub kursów. Zastanówcie się, zanim odmówicie, bo potrzebujecie nowych inspiracji. Sprzyjające wam znaki to Rak i Ryby."
"lew";"2021-04-05";"Lwy staną się podejrzliwe i namiętne. Interesować je będzie tylko gorąca miłość lub wielka zazdrość. Lepiej nawet przez przypadek nie narażać się dzisiaj na ich gniew. Kto ma Lwa za partnera, niech o niego zadba. Samotne Lwy mają za to powodzenie w miłości. Sprzyjające wam znaki to Baran i Strzelec."
"lew";"2021-04-04";"Lwy powinny pilnie słuchać tego, co mówią bliskie osoby. Ważne rozmowy i wspólne decyzje mogą odmienić waszą sytuację. Nie poddawajcie się tylko wpływowi dalszych krewnych, którzy lubią ryzyko, ale dawniej was zawiedli. Na drugą szansę trzeba sobie zasłużyć. Sprzyjające wam znaki to Bliźnięta i Panna."
"lew";"2021-04-03";"Lwy będą dzisiaj niespokojne. Nadmiar energii najlepiej wyładować podczas porannych porządków. Reszta dnia będzie udana, ale potem Lwy mogą zmienić zdanie i zamiast zająć się wielkim pieczeniem czy gotowaniem, jednak pójdą na długi spacer. Sprzyjające wam znaki to Rak i Wodnik."
"lew";"2021-04-02";"Lwy nabiorą ochoty na wesołe pogaduszki. W pracy będą dzisiaj miały refleks, a poczucie humoru przyda się podczas narady lub ważnego spotkania. Warto to wykorzystać i przed Wielkanocą zrobić coś dobrego, zamiast tylko dyskutować. Sprzyjające wam znaki to Baran i Wodnik."
"lew";"2021-04-01";"Lwy mogą liczyć na sympatię otoczenia. Wykorzystajcie swoje umiejętności. Dobra passa dla dziennikarzy i intelektualistów, macie szansę na ciekawe pomysły zawodowe. Pozostałe Lwy odkryją nowe zainteresowania, z zapałem będą zdobywać nowe wiadomości. Sprzyjające wam znaki to Bliźnięta i Strzelec."
