"lew","2021-03-16","16 marca 2021","Lwy czeka udany dzień. Zapomnijcie o starych nieporozumieniach, a w przypadku konfliktów pierwsi wyciągnijcie rękę na zgodę. Po południu możliwa jest wizyta starszej osoby. Najpierw pomóżcie, a potem odpocznijcie. Sprzyjający wam znak zodiaku to ciekawskie Bliźnięta."
"lew","2021-03-15","15 marca 2021","Lwy nie pozwolą, aby ktokolwiek im rozkazywał lub naruszał ich interesy. Dzisiaj pokażecie wszystkim,co potraficie. Macie szansę przeforsować swoje pomysły nawet w obecności najbardziej upartych osób. Pamiętajcie tylko, że od pewnych decyzji nie będzie potem odwrotu. Sprzyjające wam znaki to Bliźnięta i Lew."
"lew","2021-03-14","14 marca 2021","Lwy czeka sympatyczny dzień. Warto zrobić plan działań na przyszły tydzień. Aura sprzyja też porzucaniu nałogów i rozpoczynaniu zdrowszej diety. Wasze spostrzeżenia będą bardzo trafne, a wieczorem intuicja ostrzeże was przed nieżyczliwą osobą. Przychylny wam znak zodiaku to Baran."
"lew","2021-03-13","13 marca 2021","Lwy będą dziś niespokojne i bardzo podejrzliwe. Ważne sprawy załatwiajcie przed południem. Później jakieś ważne osoby mogą spóźnić się lub odwołać zaplanowane spotkanie. Wieczorem pomyślcie przez chwilę tylko o sobie i poświęćcie więcej czasu sprawom zdrowia i urody. Przychylne wam znaki zodiaku to Byk i Waga."
"lew","2021-03-12","12 marca 2021","Lwy będą mieć wiele sił. Nie warto marnować ich na spory czy rodzinne kłótnie. Sprzyja wam szczęście w pracy, a nowe znajomości okażą się bardzo korzystne. Najlepsza pora dnia to popołudnie. Warto zadzwonić do przyjaciół i umówić się na sympatyczne spotkanie. Przychylny wam znak zodiaku to Lew."
"lew","2021-03-11","11 marca 2021","Lwy bardzo przejmą się czyjąś opinią i zapragną pokazać ludziom z jak najlepszej strony. Możecie jednak być zbyt nerwowi i bardzo wymagający. Po południu uważajcie, bo możecie komuś obiecać zbyt wiele i w przyszłości trudno wam będzie dotrzymać danego słowa. Przychylne znaki zodiaku to Bliźnięta i Rak."
"lew","2021-03-10","10 marca 2021","Lwy czeka sympatyczny dzień. Zapragniecie się podobać i zyskać nowych przyjaciół. Warto uważnie słuchać, co inni mają do powiedzenia. Nie chwalcie się i nikogo nie pouczajcie, bo zdobyte wiadomości okażą się bardzo interesujące. Sprzyjające wam znaki zodiaku to Bliźnięta i Wodnik."
"lew","2021-03-09","9 marca 2021","Lwy będą miały wiele znakomitych i rewolucyjnych pomysłów. Zapiszcie je, bo dzień sprzyja raczej towarzyskim pogawędkom, niż wytrwałej pracy. Przyjaciele opowiedzą wam historię, która skłoni was do poważnych przemyśleń. Dzień sprzyja też nauce. Przychylny wam znak zodiaku to Baran."
"lew","2021-03-08","8 marca 2021","Lwy energicznie zabiorą się za nadrabianie zawodowych zaległości. Dzień sprzyja zdobywaniu nowych informacji i umiejętności. Zadbajcie też o zdrowie, bo nadmiar stresu może was osłabić. Wieczorem spokojnie zastanówcie się, przy jakim hobby najlepiej będzie odpocząć. Ryby będą miały dobre pomysły."
"lew","2021-03-07","7 marca 2021","Lwy chętnie pomogą innym, ale w zamian domagać się będą wdzięczności i innych dowodów uznania. Na wszelki wypadek nie obiecujcie dziś ludziom zbyt wiele i nie przejmujcie się opiniami osób, których nie lubicie. Przychylne wam znaki zodiaku to wyrozumiały Rak i cierpliwe Ryby."
"lew","2021-03-06","6 marca 2021","Lwy czeka pracowity dzień. W kłopotach poradźcie się kogoś młodszego od siebie. Aura sprzyja zmianie spojrzenia na dotychczasowe sprawy i dokonania. Myślcie o sobie, zamiast poświęcać się dla kogoś, kto tego nie docenia. Po południu warto spotkać się z przyjaciółmi, z Wagą będzie dziś wesoło."
"lew","2021-03-05","5 marca 2021","Lwy czeka dzień pełen niespodziewanych wydarzeń. Nie zdziwcie się, jeśli nadarzy się dziś okazja do zaprezentowania swoich umiejętności w szerszym gronie. Dzień sprzyja zawieraniu nowych znajomości. Po południu pamiętajcie o miłości, bo w tej dziedzinie sprzyjać wam będzie szczęście. Sprzyjający wam znak zodiaku to Skorpion."
"lew","2021-03-04","4 marca 2021","Lwy mogą być niecierpliwe i nerwowe. Dzień nie sprzyja ryzykownym przedsięwzięciom. Uważajcie dziś, aby nie popełnić drugi raz tego samego błędu. Po południu nagle zapragniecie coś w swoim domu zmienić. Uważajcie, aby niewinna uwaga nie stała się zarzewiem wojny domowej, zwłaszcza z Wodnikiem."
"lew","2021-03-03","3 marca 2021","Lwy będą zaaferowane i zainteresowane cudzymi sprawami. Pod wpływem nowych informacji zmienicie wcześniejsze ustalenia. Efekty dzisiejszych decyzji okażą się bardzo udane. Wieczorem odpocznijcie i obejrzyjcie ulubiony film. Sprzyjający wam znak zodiaku to Strzelec."
"lew","2021-03-02","2 marca 2021","Lwy zapragną rządzić całym światem, domem i rodziną. Wasze zdolności przywódcze i talent organizacyjny zostaną dziś docenione. Nie przesadzajcie z krytykowaniem, bo znowu ktoś się obrazi. Pamiętajcie też o odrobinie rozrywki. Sprzyjające wam znaki to Rak i Ryby."
