"panna","2021-03-16","16 marca 2021","Pannom przytrafią się dziwne przygody i niespodziewane spotkania. Zamiast tropić cudze tajemnice, lepiej zainteresujcie się własną karierą. Dzień sprzyja poważnym przemyśleniom, które dotyczą zarobków i pracy. Na wszelki wypadek nie zwierzajcie się dziś zazdrosnym osobom. Sprzyjające wam znaki zodiaku to Panna i Skorpion."
"panna","2021-03-15","15 marca 2021","Panny zapragną natychmiast zacząć nowe przedsięwzięcie, a jeśli tego nie zrobią, to chociaż po południu odwiedzą znajomych i będą o tym dyskutować. Uważajcie, aby nie wplątać się w towarzyską aferę, której przyczyną będą plotki. Sprzyjające wam znaki to Waga i Strzelec."
"panna","2021-03-14","14 marca 2021","Panny będą zajęte obowiązkami rodzinnymi. Być może trzeba będzie pomóc krewnym lub komuś doradzić w ważnej sprawie. Nie pozwólcie jednak, aby wszyscy dysponowali waszym czasem. Dzień sprzyja trosce o zdrowie, a także porządkom w szafie. Przychylny wam znak zodiaku to Skorpion."
"panna","2021-03-13","13 marca 2021","Panny będą bardzo energiczne. Zabierzcie się za ambitne sprawy i projekty, bo dziś szczęście wam sprzyja. Warto też pomyśleć o zdobyciu nowych, ciekawych umiejętności. Najważniejsze sprawy załatwcie rano, bo potem możliwe są niespodziewane wydarzenia towarzyskie. Przychylne wam znaki zodiaku to Koziorożec i Wodnik."
"panna","2021-03-12","12 marca 2021","Panny staną się dziś bardzo dociekliwe i drobiazgowe. Przed waszym czujnym okiem nic się nie ukryje. Być może wpadniecie dziś na trop finansowej afery lub wyjaśnicie dziwne powody zachowania innych. Wnioski lepiej zachowajcie tylko dla siebie. Przychylny wam znak zodiaku to cierpliwy Skorpion."
"panna","2021-03-11","11 marca 2021","Panny będą dziś śnić na jawie. Możliwe są nieporozumienia z ludźmi, więc lepiej uważajcie. Wspomnienia i różne przeczucia nie pozwolą wam skupić się na codziennych obowiązkach. Na wszelki wypadek nie ufajcie plotkom i unikajcie ryzyka w sprawach finansowych. Sprzyjające wam znaki zodiaku to Skorpion i Ryby."
"panna","2021-03-10","10 marca 2021","Panny zaskoczą kogoś swoim zachowaniem. Będziecie odważni, niepokorni i nie poddacie się regułom. Pouczenia, jakie usłyszycie od starszych osób, mogą was bardzo zdenerwować. Taki dzień najbardziej sprzyja poznawaniu nowych dziedzin wiedzy. Przychylny wam znak zodiaku to Wodnik."
"panna","2021-03-09","9 marca 2021","Panny będą dziś wyceniać swoje pomysły. Aura sprzyja trafnym decyzjom finansowym i mądrym pomysłom na zdobycie gotówki. Swoimi planami nie dzielcie się ze wszystkimi, bo ktoś może pierwszy skorzystać z waszych pomysłów. Wieczorem zamiast liczyć kalorie, ugotujcie swoje ulubione danie. Chętnie pomoże wam je zjeść Skorpion lub Rak."
"panna","2021-03-08","8 marca 2021","Panny będą ciekawe świata. Przejrzycie wiadomości, zdobędziecie najnowsze plotki i towarzyskie anegdotki. W pracy nie wysiedzicie za biurkiem dłużej niż pół godziny. Warto załatwić kilka spraw na mieście, bo wszystko będzie się pomyślnie układać. Sprzyjające wam znaki to Bliźnięta i Ryby."
"panna","2021-03-07","7 marca 2021","Panny będą szczere i bardzo życzliwe. Dzień sprzyja zawieraniu znajomości, które wniosą wiele ciekawych spraw w wasze życie. Warto inwestować w swoje umiejętności. Dziś łatwo zapamiętacie wszystkie trudne wiadomości. Przychylne wam znaki zodiaku to Bliźnięta i Waga."
"panna","2021-03-06","6 marca 2021","Panny czeka ciekawy dzień. Aura sprzyja dobrym pomysłom na rozwiązanie życiowych problemów. Podczas porannej kawy zastanówcie się, jakie są wasze plany i czego wam brakuje do szczęścia. Bądźcie czujni i nie pozwólcie innym decydować o waszych sprawach. Sprzyjające wam znaki zodiaku to Lew i Waga."
"panna","2021-03-05","5 marca 2021","Panny czeka ważny dzień. Nie pozwólcie nikomu sobą rządzić czy decydować o waszych pieniądzach. Wasze obserwacje będą bardzo głębokie i trafne. Bądźcie szczerzy wobec siebie i zaufajcie intuicji. Wieczorem warto zająć się sprawami rodziny. Dobra wiadomość przywróci wam radość i życiowy optymizm. Sprzyjający wam znak zodiaku to Skorpion."
"panna","2021-03-04","4 marca 2021","Panny czeka sympatyczny dzień. Przyjaciele opowiedzą wam wzruszającą historię i poproszą o radę lub pośrednictwo. Poczujecie się docenieni i potrzebni, co bardzo poprawi wam nastrój. Samotnym dopisze dzisiaj powodzenie w miłości. Sprzyjający wam znak zodiaku to Skorpion."
"panna","2021-03-03","3 marca 2021","Panny będą dziś nieuchwytne. Zapragniecie coś ukryć lub przed kimś się schować, żeby nie męczył ich swoją gadaniną. Uważajcie, aby podejrzliwy Skorpion nie rozszyfrował waszej gry. Dzień sprzyja poważnym planom, będziecie rozmyślać o poważnych sprawach finansowych. Sprzyjający wam znak zodiaku to Byk."
"panna","2021-03-02","2 marca 2021","Panny nie powinny brać na siebie zbyt wielu trudnych spraw, bo ktoś chętnie wykorzysta ich dobre serce. Lepiej tak zaplanować dzień, aby mieć czas dla przyjaciół i znajomych. Nie przesadzajcie tylko z przechwałkami, bo ktoś sprawdzi czy mówicie prawdę. Sprzyjające wam znaki to Lew i Waga."
