"panna";"2021-04-30";"Panny będą bardzo romantyczne, pogrążą się w świecie sztuki i fantazji. Po południu los zacznie Pannom jeszcze bardziej sprzyjać. Spotkanie z bliską osobą okaże się udane, a wiadomości od przyjaciół pozwolą wam odetchnąć. Sprzyjające znaki to Byk i Koziorożec."
"panna";"2021-04-29";"Panny nie powinny leniuchować. Warto uwierzyć w swoje siły i energicznie zabrać się do pracy. Aura sprzyja mądrym decyzjom zawodowym i finansowym, jednak nie bądźcie chciwi czy małostkowi. Po południu pilnujcie ważnych papierów i kluczy, bo możliwe są zaskakujące pomyłki. W kłopotach poradźcie się Wodnika."
"panna";"2021-04-28";"Panny w każdej sytuacji będą chciały postawić na swoim. W miłości uważajcie, bo taka postawa może doprowadzić do awantury. Unikajcie konfliktów, a wszystko ułoży się po waszej myśli. Sprzyjający wam znak to Koziorożec."
"panna";"2021-04-27";"Panny będą dziś wyrozumiałe i spokojne. Nowe pomysły i ryzykowne przedsięwzięcia nie będą was pociągać. Wobec obcych osób zachowacie dystans. Dzisiejsza pełnia Księżyca sprzyja sprawom domowym i opiece nad rodziną. Tradycja i wspomnienia będą miały duży wpływ na wasze dzisiejsze decyzje. Sprzyjający wam znak zodiaku to Rak."
"panna";"2021-04-26";"Panny nie oddadzą dzisiaj nikomu tego, na co same zasłużyły i zapracowały. Będą bronić nawet swojej ulubionej filiżanki, stolika w restauracji, czy wybranego miejsca na parkingu. Kto chce zjednać sobie Pannę, ten powinien w czymś jej pomóc. Sprzyjające znaki to wam Koziorożec i Ryby."
"panna";"2021-04-25";"Panny od rana będą niezwykle energiczne i bardzo wymagające. Przyda się wam jednak trochę więcej uśmiechu i optymizmu. Podczas rodzinnego obiadu bądźcie uprzejmi i taktowni. Wasze radykalne opinie mogą oburzyć kogoś starszego. Przychylne wam znaki zodiaku to Byk i Koziorożec."
"panna";"2021-04-24";"Panny trudno będzie dziś namówić do nowych pomysłów czy skosztowania nieznanych im potraw. Własne sprawy i święty spokój będą dziś najważniejsze. Wspomnienia niezwykle was wzruszą i skłonią do zadumy i refleksji. Wieczorem odpocznijcie i zajmijcie ulubionym hobby. Sprzyjający wam znak to Strzelec."
"panna";"2021-04-23";"Panny poświęcą czas rodzinie. Aura sprzyja zakupom i urządzaniu domu. W sprawach służbowych wskazana jest ostrożność. Niektóre Panny będą nieufne wobec obcych, co nie sprzyja zawieraniu nowych znajomości. Wieczorem poczujecie przypływ optymizmu, a samotnym sprzyjać będzie szczęście w miłości."
"panna";"2021-04-22";"Panny będą dzisiaj w swoim żywiole, a szczęście im dopisze. Dzień sprzyja załatwianiu trudnych spraw, także finansowych. Nie siedźcie więc bezczynnie. Jeśli będzie trzeba, to pomogą wam przyjaciele. Sprzyjające znaki to Rak i Skorpion."
"panna";"2021-04-21";"Panny będą zajęte wiosennymi porządkami. Intuicja was nie zawiedzie, a różne swoje rzeczy i zapiski trzeba schować. Możliwe są odwiedziny kogoś wścibskiego z dalszej rodziny. Wieczorem nie siedźcie zbyt długo przed komputerem lub telewizorem, lepiej się porządnie wyspać. Sprzyjające wam znaki to Bliźnięta i Lew."
"panna";"2021-04-20";"Panny mają przed sobą udany dzień. Przypomnicie sobie o ważnych sprawach, a być może znajdziecie zagubiony przedmiot. Uwierzcie w swoje siły i bądźcie bardziej optymistyczni. Nie przejmujcie się drobiazgami. Dzisiaj warto zaczynać nowe sprawy i spłacić stare długi. Pomoże wam Byk."
"panna";"2021-04-19";"Panny chętnie zajmą się organizowaniem ważnych przedsięwzięć. Ktoś jednak zacznie się wymawiać od obietnic, jakie wcześniej wam złożył. W najtrudniejszych sytuacjach zachowacie zimną krew i wymyślicie inne rozwiązanie, co zaimponuje całej rodzinie. Sprzyjające znaki to Bliźnięta i Waga."
"panna";"2021-04-18";"Panny zapragną towarzystwa i dobrej zabawy. Niedziela sprzyja odkrywaniu nowych zainteresowań. Będziecie towarzyscy i otwarci na problemy innych. Uważajcie jednak, aby ktoś z dalszych znajomych nie namówił was do zbyt ryzykownego przedsięwzięcia. Przychylny wam znak zodiaku to sympatyczna Waga."
"panna";"2021-04-17";"Panny będą spokojne i wyciszone. Pomyślą o poważnych sprawach i podejmą znaczące decyzje. Nie martwcie się jednak na zapas. Jeśli macie kłopoty, zaufajcie intuicji. Wieczorem film lub książka zainspiruje was do działania. Sprzyjające wam znaki to Baran i Skorpion."
"panna";"2021-04-16";"Panny będą uprzejme, wybaczą krzywdy i urazy. Można je dziś prosić o przysługę, bo na pewno nie odmówią. Zakochane Panny pokonają każdą przeszkodę do serca ukochanej osoby. Szukajcie towarzystwa tych osób, które kojąco wpływają na wasze nerwy i zabawa będzie udana. Sprzyjające znaki to Rak i Ryby."
"panna";"2021-04-15";"Panny będą bardzo zajęte i świetnie zorganizowane. Ważne rodzinne obowiązki od rana zaprzątną waszą uwagę, będzie wiele biegania i wyjaśniania. Wieczorem uważajcie na zdrowie, zwłaszcza jeśli macie wrażliwy żołądek. Sprzyjające wam znaki to Koziorożec i Wodnik."
"panna";"2021-04-14";"Panny będą chciały oderwać się choć na chwilę od codzienności i porzucić wszelką rutynę, otworzyć się na świat. Nadchodzący czas sprzyja takim działaniom. Sprzyjają wam osoby młode i otwarte na świat. Z Bykiem i Wodnikiem podbijecie dzisiaj świat."
"panna";"2021-04-13";"Panny będą bardzo ambitne i zdecydowane, jednak nie wszystko dziś uda się zrobić. Nie martwcie się, bo zaległości nie będą duże. Postarajcie się sami pamiętać o swoich zobowiązaniach, bo ktoś może wytknąć wam niedociągnięcia. Unikajcie zbyt pochopnych decyzji. Sprzyjający wam znak zodiaku to Rak."
"panna";"2021-04-12";"Panny zapragną rządzić światem. Energicznie zabiorą się za ważne sprawy i porządki. Ich zdolności przywódcze zostaną dziś docenione. Choć niektóre Panny będą wszystkim rozkazywać, to okaże się, że jednak miały rację. Sprzyjające wam znaki to Panna i Koziorożec."
"panna";"2021-04-11";"Panny poczują się dzisiaj osłabione. Nie róbcie niczego na siłę i nie przeceniajcie swoich możliwości. Przeczucia i trudno wytłumaczalne domysły będą was zaskakiwać. Dzisiejsze sny są dla was bardzo ważne, warto je zapisać. Sprzyjające wam znaki to Rak i Koziorożec."
"panna";"2021-04-10";"Przed Pannami bardzo dobry dzień. Sprawy układać się będą pomyślnie pod warunkiem, że okażecie dużo cierpliwości rodzinie i przyjaciołom. Ludzie będą wam życzliwi, musicie jednak uważać w kontaktach z osobami starszymi, ktoś może być obrażalski. Sprzyjające wam znaki to Rak i Waga."
"panna";"2021-04-09";"Panny zapragną rozrywki, wpadną na tysiąc ekscentrycznych pomysłów na spędzenie weekendu. Energia będzie je rozpierać i po południu znikną z domu. Kto chce za nimi nadążyć, ten musi być szybki i bardzo odważny. Sprzyjające wam znaki to Baran i Lew."
"panna";"2021-04-08";"Panny chętnie zaangażują się w pożyteczną pracę, ale też zrobią wszystko, aby tylko udowodnić swoje racje. Popołudnie sprzyja wyjaśnianiu rodzinnych spraw, pisaniu maili i telefonowaniu do krewnych. Sprzyjające wam znaki to Koziorożec i Ryby."
"panna";"2021-04-07";"Panny zapragną samych rozrywek i przyjemności. Zadzwonią do wszystkich znajomych z zamiarem wyciągnięcia ich gdzieś wieczorem. W pracy będą się ociągać i maskować przed szefem. Dzięki temu różne problemy, ale też nowe zadania, mogą je ominąć. Po południu przypływ sił! Sprzyjające wam znaki to Baran i Wodnik."
"panna";"2021-04-06";"Panny będą spragnione uczuć i dowodów przywiązania. Niektóre Panny mogą posunąć się do scen zazdrości, jeśli partner nie będzie na nie zwracał uwagi. W pracy ostrożnie, nie pozwólcie się sprowokować do wygłaszania nieprzemyślanych sądów. Sprzyjające wam znaki to Bliźnięta i Lew."
"panna";"2021-04-05";"Panny znajdą chwilę, aby w spokoju zastanowić się nad swoimi planami i marzeniami. Jeśli nie jesteście zadowoleni z tego, co robicie, to może warto pomyśleć o zmianach? Wszystko, co nowe i niezwykłe przyniesie wam szczęście. Sprzyjające wam znaki to Byk i Koziorożec."
"panna";"2021-04-04";"Panny staną się podejrzliwe i niespokojne. Przy świątecznym stole mogą nawet czepiać się kogoś, kto opowiada niestworzone historie. Lepiej nie drażnić Panien i nawet przez przypadek nie narażać się na ich gniew. Czas zwolnić tempa i trochę odpocząć. Sprzyjające wam znaki to Bliźnięta i Strzelec."
"panna";"2021-04-03";"Panny zajmą się liczeniem pieniędzy i planowaniem różnych rodzinnych przedsięwzięć. Warto rozejrzeć się za godnym zaufania krewnym lub przyjacielem, który w razie potrzeby wam pomoże. Zakochane Panny mają szansę na udane spotkanie. Sprzyjające wam znaki to Byk i Koziorożec."
"panna";"2021-04-02";"Panny czeka odkrycie sekretu lub wyjaśnienie ważnej sprawy. Rozmowy i ustalenia mogą wiele zmienić w waszym życiu zawodowym, na szczęście na lepsze. Najlepiej dostosować się do nowej sytuacji, zamiast od razu się denerwować. Sprzyjające wam znaki to Byk i Wodnik."
"panna";"2021-04-01";"Panny będą nadrabiać zaległości. Wasze niezorganizowanie może być przyczyną dyskusji, z której tym razem wyciągniecie wnioski. W pracy uważajcie, aby ktoś nie ośmieszył was przed ważną osobą. Dziś Prima Aprilis, lepiej być czujnym. Zwłaszcza Waga może być dzisiaj bardzo pomysłowa. Sprzyjające wam znaki to Bliźnięta i Lew."
