"rak";"2021-04-30";"Raki będą zabiegane. Jednak nie praca lub znajomi, ale rodzina okaże się najważniejsza. Warto zadzwonić do krewnych, załatwić zaległe sprawy i mieć spokojny długi weekend. Jeśli chodzi o pieniądze, to będziecie zaskakująco dociekliwi i spostrzegawczy. Lepiej was nie oszukiwać. Sprzyjające znaki to Koziorożec i Ryby."
"rak";"2021-04-29";"Raki czeka pracowity dzień. Waszą uwagę zaprzątną zawodowe obowiązki i ważne spotkania. Nie pozwólcie, aby inni decydowali o waszych sprawach. Bądźcie odważni i energiczni, a osiągniecie sukces dzięki umiejętności przystosowywania się do nowych okoliczności."
"rak";"2021-04-28";"Raki chociaż z oddaniem zajmą się pracą, to przez większość dnia będą spokojne i zamyślone. Wspomnienia i uczucia będą dla nich najważniejsze. Uważajcie podczas zakupów, bo ktoś może się pomylić na waszą niekorzyść. Sprzyjając wam znak to Byk."
"rak";"2021-04-27";"Raki mogą dziś mieć trudności z przedstawianiem swoich pomysłów i planów. Ludzie mogą was nie zrozumieć, a wasze polecenia wykonać na opak. Zamiast złościć się na innych, lepiej osobiście pilnujcie ważnych spraw. Dzisiejsza pełnia Księżyca sprzyja randkom, a nawet nowym romantycznym znajomościom. Sprzyja wam Byk."
"rak";"2021-04-26";"Raki przejmą się cudzymi kłopotami. Przez cały dzień będą serdeczne i wyrozumiałe. Jednak wobec ryzykownych propozycji zachowajcie większy niż zwykle dystans.W pracy też ktoś może próbować wmanewrować was w swoje problemy, a szkoda na to czasu. Sprzyjające znaki to wam Baran i Panna."
"rak";"2021-04-25";"Raki chętnie wybiorą się do kogoś z wizytą, choćby tylko wirtualną. Docenią piękne wnętrza i posłuchają opowieści. Rozmowy ze starszymi krewnymi mogą was wiele nauczyć. Po południu poczujecie przypływ sił i energii, warto wybrać się na spacer. Przychylne wam znaki zodiaku to Panna i Koziorożec."
"rak";"2021-04-24";"Raki zaczną się troszczyć o zdrowie całej rodziny. Sobota sprzyja sprawom domowym i udanym spotkaniom rodzinnym. Lepiej jednak nie słuchajcie rozmów o chorobach, bo możecie zasugerować się cudzymi dolegliwościami. Wieczorem humor poprawi wam dobra wiadomość. Baran doradzi jak rozwiązać problemy."
"rak";"2021-04-23";"Raki czeka ważny dzień. Mars wkracza do waszego znaku i doda wam odwagi. Jednak ktoś może was niepotrzebnie zdenerwować i skłonić do ponurych przemyśleń. Nie dajcie się, brońcie swojego zdania. Zastanówcie się nad przeszłością, a znajdziecie wyjaśnienie dzisiejszych zagadek. Sprzyjają wam dziś Bliźnięta, warto posłuchać ich rady."
"rak";"2021-04-22";"Raki będą miały dobry humor, zabłysną intelektem i żartami. Otrzymacie wiele dobrych wiadomości, przede wszystkim od ukochanych osób. Wieczorem nie zapomnijcie o domownikach, ktoś cierpliwie czeka na spełnienie obietnicy. Sprzyjające znaki to Lew i Waga."
"rak";"2021-04-21";"Raki zapragną wypoczynku w luksusowym miejscu lub zrobią listę rzeczy, które chciałyby dostać taniej na wyprzedaży. Nie bądźcie zbyt zachłanni, bo zostaniecie z długami. Rozsądek przywróci wam rozmowa z oszczędnym Skorpionem. Sprzyjające wam znaki to także Baran i Waga."
"rak";"2021-04-20";"Raki czeka interesujący dzień. Nie pozwólcie, aby inni decydowali o waszych sprawach i planach. Waszą uwagę pochłonie trudny problem zawodowy, który uda się rozwiązać dzięki odwadze i zimnej krwi. Aura sprzyja odpowiedzialnym przedsięwzięciom, wieczór randkom. Pomoże wam Panna."
"rak";"2021-04-19";"Raki chętnie spotkają się z przyjaciółmi i zdobędą sporo ważnych wiadomości. Będzie ciekawie. Wszystkie plotki dobrze sobie przemyślcie, bo dzięki temu nie zostaniecie wmanewrowani w żadne towarzyskie intrygi. Prawda i tak wyjdzie na jaw. Sprzyjające znaki to Strzelec i Koziorożec."
"rak";"2021-04-18";"Raki zapragną bez przeszkód cieszyć się urokami niedzieli. Trudne rodzinne sprawy chętnie przełożycie na inny dzień. Aura sprzyja rozmowom z przyjaciółmi. Będziecie dziś ozdobą każdego towarzystwa. Najlepsza pora dnia to przedpołudnie. Przychylny wam znak zodiaku to Lew."
"rak";"2021-04-17";"Raki trochę posmutnieją. Potrzebujecie dziś więcej troski i czułości. Jeśli macie do kogoś żal, nie tłumcie uczuć i wyjaśnijcie nieporozumienia. Nie spotykajcie się z osobami, którym nie ufacie. Humor poprawi wam drobny prezent lub słodki deser. Sprzyjające wam znaki to Panna i Ryby."
"rak";"2021-04-16";"Raki będą spokojne i opanowane. Zajmą się obserwacją otoczenia, z każdego gestu i słowa odczytają wiele informacji, z których potem ułożą niesamowite historie. Lepiej jednak nie słuchać plotek oraz nie sugerować się domysłami i niesprawdzonymi wiadomościami. Sprzyjające wam znaki to Koziorożec i Ryby."
"rak";"2021-04-15";"Raki będą nadrabiać zaległości w opiece nad rodziną. Wasze postępowanie może być przyczyną dyskusji, z której tym razem wyciągniecie wnioski. W towarzystwie uważajcie, aby ktoś nie ośmieszył was przed ważną osobą. Zwłaszcza Panna może być dzisiaj bardzo krytyczna. Sprzyjające wam znaki to Bliźnięta i Waga."
"rak";"2021-04-14";"Raki od rana będą myślały o rozrywce. Zaplanujcie tak czas, żeby znaleźć trochę czasu na własne hobby. Wieczorne spotkanie ukochaną osobą przyniesie szczęście i zadowolenie. Samotne Raki mogą za to liczyć na nowe znajomości. Sprzyjające wam znaki to Lew i Waga."
"rak";"2021-04-13";"Raki będą dziś nieuchwytne. Zapragniecie coś ukryć lub czegoś ważnego nie będziecie chcieli powiedzieć. Uważajcie, aby podejrzliwy Skorpion nie rozszyfrował waszej gry. Dzień sprzyja poważnym planom finansowym, wizytom w banku lub rozmowom z księgowym. Sprzyjający wam znak zodiaku to Byk."
"rak";"2021-04-12";"Raki postanowią ubiegać się o wyższe stanowisko. Możliwe są z tego powodu różne dyskusje, a nawet nieporozumienia. Nie rezygnujcie ze swojego zdania. We wszystkim pomoże wam pewien cichy wielbiciel. Sprzyjające wam znaki to Baran i Lew."
"rak";"2021-04-11";"Raki do południa będą intensywnie zajmować się pracą i obowiązkami. Uważnie przemyślą plan finansowy na najbliższe miesiące i podejmą ważne decyzje dotyczące zakupów. W tajemnicy zajmą się też zaspokajaniem własnych zachcianek. Sprzyjające wam znaki to Skorpion i Koziorożec."
"rak";"2021-04-10";"Raki nie będą dziś narzekać na brak wrażeń. Będziecie w centrum zainteresowania, wiele osób zechce poznać wasze zdanie i zasięgnąć u was porady. Zostaniecie zauważeni i docenieni nie tylko przez najbliższych. Dzień sprzyja nowym znajomościom. Sprzyjające wam znaki to Panna i Koziorożec."
"rak";"2021-04-09";"Raki zaczną dzień od telefonów do przyjaciół i ułożenia ciekawych planów na nadchodzący weekend. Po południu będziecie chętnie pomagać innym. Uważajcie tylko, aby nie wykorzystał was ktoś, kto lubi narzekać. Sprzyjające wam znaki to Byk i Bliźnięta."
"rak";"2021-04-08";"Raki mogą być rozkojarzone, a dzieci spod tego znaku bardziej niż zwykle płaczliwe. Nie przejmujcie się, jeśli coś wam się uda. W trudnych wyborach kierujcie się intuicją, bo ona was nie zawiedzie. Dobrej rady spodziewajcie się od Byka lub Koziorożca, uważajcie na czepialską Pannę."
"rak";"2021-04-07";"Raki zapragną spotkać się ze znajomymi, natychmiast pójść we wszystkie ciekawe miejsca lub chociaż poplotkować z sąsiadami. Po południu plany mogą jednak ulec zmianie, bo bliska osoba i jej potrzeby będą ważniejsze od wszystkiego innego. Sprzyjające wam znaki to Panna i Ryby."
"rak";"2021-04-06";"Raki czeka trudniejszy dzień. Ktoś dzisiaj nie pozwoli na realizację niektórych pomysłów i szalonych zachcianek. Nie słuchajcie dzisiaj plotek i sami oceńcie, kto kłamie, a kto mówi prawdę. Samodzielność bardziej się wam opłaci. Sprzyjające wam znaki to Strzelec i Ryby."
"rak";"2021-04-05";"Raki będą dyskutować z rodziną na poważne tematy. Lepiej przy nich uważać na słowa, bo jeśli ktoś zacznie się sprzeciwiać, to Raki będą o tym długo pamiętać. Taki nastrój bardziej sprzyja planowaniu kariery niż rozrywce. Jednak wieczorem warto spotkać się z Panną lub Rybami."
"rak";"2021-04-04";"Raki zainteresują się swoimi pieniędzmi. Nawet podczas wielkanocnego obiadu będą myśleć o niezbędnych wydatkach i planach na kolejne miesiące. Dopiero po południu zajmą się innymi sprawami. Warto zadzwonić do przyjaciół i dowiedzieć się, co u nich słychać. Sprzyjające wam znaki to Rak i Waga."
"rak";"2021-04-03";"Raki znowu okażą się domatorami. Nie należy im dzisiaj powierzać zadań wymagających ryzyka, bo cenić będą spokój i ciszę. Wieczorem humor poprawi wam ulubiona lektura. Odzyskacie siły i będziecie gotowi na jutrzejszą Wielkanoc. Sprzyjające wam znaki to Byk i Koziorożec."
"rak";"2021-04-02";"Raki czeka udany dzień. Szczęście sprzyja wam w kontaktach z ludźmi, nie powinny więc Raki przechodźcie obojętnie obok kogoś życzliwego. Możliwa niespodziewana randka inny pomyślny zbieg okoliczności, a więc bądźcie dobrej myśli. Sprzyjające wam znaki to Bliźniak i Lew."
"rak";"2021-04-01";"Raki powinny być ostrożniejsze. Pociągać was będą tajemnice i cudze sekrety. Uważajcie, aby nie zrobić komuś przykrości zbyt trudnymi pytaniami. Dopiero wieczorem Raki zabiorą za wyjaśnienia i porządki, a sytuacja stanie się jasna. Sprzyjające wam znaki to Byk i Panna, uważajcie na nerwowego Koziorożca."
