"rak","2021-03-16","16 marca 2021","Raki mają dziś szansę uporać się z trudną sprawą. Nie pomylcie tylko odwagi z niepotrzebną brawurą. Wasze uszczypliwe uwagi mogą dotrzeć do uszu szefa. Po południu postarajcie się nie podejmować decyzji w imieniu innych osób. Ktoś może poczuć się zlekceważony jeśli nie zapytacie go o zdanie. Sprzyjający wam znak zodiaku to Panna."
"rak","2021-03-15","15 marca 2021","Raki mogą liczyć na dobre pomysły zawodowe, których inspiracją będą różne zagraniczne rozwiązania. Warto zapisać dzisiejsze przemyślenia, być może kiedyś przyniosą wam zysk. W miłości ożywienie i większe niż zwykle powodzenie. Sprzyjające wam znaki to Baran i Koziorożec."
"rak","2021-03-14","14 marca 2021","Raki chętnie spędzą dzień w szlafroku. Odpocznijcie i nie bierzcie na siebie zbyt wielu domowych obowiązków. Nie obiecujcie bliskim zbyt wiele, bo może nie starczyć wam energii na spacery czy zabawy. Humor poprawi wam wizyta w pobliskiej cukierni. Dziś nie opłaca się liczyć kalorii, zwłaszcza w towarzystwie Byka."
"rak","2021-03-13","13 marca 2021","Raki będzie rozpierać życiowa energia. Perspektywa nudy bardzo was przerazi. Dzień sprzyja zdobywaniu nowych umiejętności i dziwnych wiadomości. Nie wszystkie okażą się przydatne, ale z pewnością rozweselą bliskich. Po południu warto wybrać się z wizytą. Sprzyjający wam znak zodiaku to elegancka Panna."
"rak","2021-03-12","12 marca 2021","Raki będą liczyć pieniądze i planować wydatki. Lepiej jednak unikać dziś poważnych dyskusji. Ktoś bliski może źle zrozumieć powody, dla których interesujecie się jego sprawami i upieracie przy swoich domysłach. Popołudnie sprzyja sympatycznym spotkaniom i przyjemnościom. Przychylny wam znak zodiaku to Byk."
"rak","2021-03-11","11 marca 2021","Raki będą spokojne i opanowane. Trudno będzie wam zdecydować się na ryzykowne przedsięwzięcia, a w kontaktach z ludźmi będziecie bardzo nieufni. Nie kierujcie się dziś zazdrością. Po południu odpocznijcie z rodziną, a wróci wam humor i optymizm. Przychylny znak zodiaku to Byk."
"rak","2021-03-10","10 marca 2021","Raki będą spokojne i czułe. Na wasze dobre serce i bezinteresowność można dziś liczyć. Pomyślcie także o swoich potrzebach i nie oszczędzajcie dziś na przyjemnościach. Samotnym dopisze szczęście w miłości. Sprzyjający wam znak zodiaku to sympatyczny Byk."
"rak","2021-03-09","9 marca 2021","Raki czeka pracowity dzień. Nie obawiajcie się dodatkowych zadań i większej odpowiedzialności. Dzień sprzyja sprawom, których powodzenie zależy od uznania ważnych osób. Po południu nie zapomnijcie o bliskich. Ktoś cierpliwie czeka na trochę uwagi i troski. Sprzyja wam Panna."
"rak","2021-03-08","8 marca 2021","Raki czeka udany dzień. Będziecie towarzyscy i bardzo ciekawscy, chętnie przełożycie na później nudne obowiązki. Możliwe są zaległości w pracy, ale uda się wam znaleźć życzliwych pomocników. Dzień sprzyja spotkaniom towarzyskim, przed samotnymi szansa na nowe znajomości. Do działania zachęci was Byk."
"rak","2021-03-07","7 marca 2021","Raki poczują przypływ sił życiowych. Optymizmu i radości wam nie zabraknie. Najważniejsze sprawy związane z rodziną i obowiązkami załatwcie rano. Potem przypomną o sobie starzy przyjaciele. Możecie dziś liczyć na ciekawe wiadomości i zaproszenia. Przychylne wam znaki zodiaku to Lew i Strzelec."
"rak","2021-03-06","6 marca 2021","Raki będą życzliwe i towarzyskie. Ludzie będą wam dziś sprzyjać i chętnie wybaczą więcej niż zwykle. To odpowiedni dzień, aby pogodzić się z nieprzyjaciółmi, wyjaśnić spory i nieporozumienia. Pomyślcie też o rozrywce i odpoczynku. Macie dziś szansę odkryć nowe zainteresowania, zachęci was do tego Wodnik."
"rak","2021-03-05","5 marca 2021","Raki będą dziś uparte i trochę senne. Nie bierzcie na siebie zbyt wielu nowych obowiązków i uważajcie podczas podejmowania decyzji finansowych. Na zaspokojenie swoich zachcianek skłonni będziecie wydać fortunę. Wieczorem zadzwońcie do przyjaciół. Nowe wiadomości od Barana poprawią wam humor."
"rak","2021-03-04","4 marca 2021","Raki czeka dzień pełen sympatycznych spotkań i wydarzeń towarzyskich. Nie denerwujcie się, jeśli jakieś ważne plany zmienią się dziś w ostatniej chwili. Dzięki refleksowi uda się wam dopasować do każdej sytuacji. W kłopotach możecie dziś liczyć na starych przyjaciół. Sprzyjający wam znak zodiaku to Ryby."
"rak","2021-03-03","3 marca 2021","Raki będą dziś marudzić, nawet bez wyraźnego powodu. Opanuje was spokojny i senny nastrój. Wyciągnijcie wnioski z niepowodzeń, nie dajcie się chandrze. Humor poprawi wam rozmowa z przyjaciółmi. Nie podejmujcie pochopnych decyzji, które dotyczą miłości. Sprzyjający wam znak zodiaku to Lew."
"rak","2021-03-02","2 marca 2021","Raki mogą się pomylić w rachunkach lub o czymś zapomnieć. Drobiazgi są dzisiaj bardzo ważne. Skoncentrujcie się i nie złośćcie, a dzień będzie udany. Upór i złość nie zawsze są korzystne dla relacji, czasami warto zapytać innych o zdanie. Sprzyjające wam znaki to Baran i Skorpion."
