"ryby","2021-03-16","16 marca 2021","Panny czeka sympatyczny dzień. Aura sprzyja odważnym pomysłom i publicznym wystąpieniom. Pociągać was będą ryzykowne pomysły i ambitne plany. Po południu warto wybrać się w odwiedziny, bo szczęście sprzyja wam w sprawach towarzyskich. Randka też będzie udana. Przychylny wam znak zodiaku to Waga."
"ryby","2021-03-15","15 marca 2021","Ryby zapragną być w kilku miejscach na raz. Na służbowych spotkaniach zainteresujcie się nowym projektem, bo może być opłacalny. Dzień sprzyja także waszym sprawom uczuciowym, warto więcej czasu spędzić z ukochaną osobą. Sprzyjające wam znaki to Baran i Panna."
"ryby","2021-03-14","14 marca 2021","Ryby skoncentrują się na swoich przemyśleniach. Odpocznijcie i nie obciążajcie się dodatkowymi obowiązkami. Dzień sprzyja wspomnieniom i marzeniom. Stare sprawy i historie mogą być świetną inspiracją do nowych pomysłów. Zadzwońcie do przyjaciół, a dowiecie się czegoś bardzo ciekawego od Lwa."
"ryby","2021-03-13","13 marca 2021","Ryby rano będą niespokojne i bardzo senne. W południe wasz nastrój niespodziewanie poprawi się. Zapragniecie nadrobić wszystkie towarzyskie zaległości i chętnie umówicie się na spotkanie z przyjaciółmi. Wieczorem uważajcie, aby nie przesadzić z żartami. Przychylne wam znaki zodiaku to wesołe Lwy i Panny."
"ryby","2021-03-12","12 marca 2021","Ryby będą spokojne, a nawet bardziej niż zwykle senne. Nie martwcie się na zapas i nie wyolbrzymiajcie problemów. Wybierzcie się na spacer, a humor bardzo wam się poprawi. Popołudnie sprzyja odpoczynkowi. Dzisiejsze spotkania i wizyty, niestety, mogą was nieco zawieść. Przychylny wam znak zodiaku to Ryby."
"ryby","2021-03-11","11 marca 2021","Ryby będą opanowane i bardzo powściągliwe. Aura sprzyja dobrym pomysłom na rozwiązanie służbowych kłopotów. Dzień będzie udany, ale nie obrażajcie się, jeśli ktoś zacznie z was żartować. Po południu nie brońcie się przed rodzinnymi obowiązkami. Rozmowy ze starszymi krewnymi mogą was wiele nauczyć. Przychylny znak zodiaku to Panna."
"ryby","2021-03-10","10 marca 2021","Ryby będą dziś bardzo podejrzliwe i nieufne. Uważajcie na nerwy i nie bierzcie dziś wszystkiego do siebie. Możecie być uszczypliwi i niespodziewanie powiedzieć komuś o kilka słów za dużo. Dzień sprzyja poważnym decyzjom, które dotyczą rodzinnych pieniędzy. Przychylny wam znak zodiaku to Skorpion."
"ryby","2021-03-09","9 marca 2021","Ryby będą dziś pracowite. Warto zabrać się za ważne sprawy zawodowe. Macie wiele sił i energii, a szczęście sprzyja wam w sprawach finansowych. W obronie swoich zysków możecie jednak stać się niebezpieczni. Unikajcie konfliktów. Wieczorem sprzyja wam za to powodzenie w miłości. We wszystkim pomoże Waga."
"ryby","2021-03-08","8 marca 2021","Ryby mają przed sobą ciekawy i ważny dzień. Nie przechwalajcie się, ale bądźcie pewni siebie. Wasze pomysły marca szansę zyskać dziś wielkie uznanie. Dzień sprzyja publicznym występom i przedstawianiu swoich dokonań przełożonym. Po południu warto wybrać się z wizytą, Waga chętnie was ugości."
"ryby","2021-03-07","7 marca 2021","Ryby będą niezwykle ciekawskie i towarzyskie. Pomyślcie o podróży, choćby bardzo krótkiej. Dzień sprzyja spotkaniom z przyjaciółmi. Uważajcie jednak, aby nie posunąć się za daleko podczas publicznego omawiania problemów znanej osoby. Ktoś może posądzić was o plotkarstwo. Przychylne wam znaki zodiaku to Lew i Strzelec."
"ryby","2021-03-06","6 marca 2021","Ryby czeka interesujący dzień. W kłopotach poradźcie się kogoś młodszego od siebie. Aura sprzyja zmianie spojrzenia na dotychczasowe sprawy i dokonania. Myślcie o przyszłości, a szczęście zacznie wam sprzyjać. Po południu warto porozmawiać z przyjaciółmi i ułożyć wspólne plany. Zrozumie was Lew."
"ryby","2021-03-05","5 marca 2021","Ryby powinny dziś uważać, bo mogą mieć problemy z koncentracją. Nie spieszcie się i nie denerwujcie, jeśli okaże się, że jesteście spóźnieni. Dzień sprzyja ważnym przemyśleniom. W kłopotach zaufajcie dziś intuicji i nie lekceważcie swoich przeczuć. Przychylny wam znak zodiaku to Lew."
"ryby","2021-03-04","4 marca 2021","Ryby nie będą się dziś nudzić. Znajdzie się wiele tematów, które należy natychmiast przedyskutować z innymi. Zdobyte dziś wiadomości okażą się ciekawe i co najważniejsze przydadzą się w karierze. Nie plotkujcie jednak o przełożonych, bo plotki obrócą się przeciwko wam. Wieczorem odpocznijcie, najlepiej z Baranem."
"ryby","2021-03-03","3 marca 2021","Ryby mają przed sobą interesujący dzień. Wasze niekonwencjonalne pomysły będą się podobać. Nadarzy się dziś okazja wyjaśnienia sekretów lub przyczyn dziwnego zachowania kogoś ze znajomych. Jeśli odkryjecie sekret, to zatrzymajcie go dla siebie. Sprzyjający wam znak zodiaku to Skorpion."
"ryby","2021-03-02","2 marca 2021","Ryby będą optymistyczne i ambitne. Ludzie będą wam życzliwi, a to sprzyja załatwianiu trudnych spraw. Niektóre Ryby wpadną na pomysł, który rozbawi otoczenie lub zadziwi szefa. Bądźcie kreatywni, bo wyjdzie wam to na dobre. Pomoże wam Byk."
