"ryby";"2021-04-30";"Ryby będą marzyć o rozrywkach i przyjemnościach. Zapragną wyszukanych potraw, pięknych strojów i luksusu na długi weekend. Zanim spełnicie marzenia pomyślcie o swoich zobowiązaniach i prawdziwym stanie konta bankowego. Coś jednak uda się kupić, tylko nie przesadzajcie. Sprzyjające znaki to Rak i Lew."
"ryby";"2021-04-29";"Ryby będą zajmować się tajemniczymi sprawami i niechętnie podzielą się swoimi opiniami. Psychologia, niewyjaśnione zjawiska i miłość to dziś domena Ryb. Zadzwońcie do przyjaciół, a zdobędziecie intrygujące wiadomości. Dzień sprzyja też poważnym decyzjom miłosnym."
"ryby";"2021-04-28";"Ryby potrzebują więcej troski i czułości. Jeśli macie do kogoś żal, nie tłumcie uczuć i wyjaśnijcie nieporozumienia. Humor poprawi wam drobny prezent lub słodki deser. Sprzyjające wam znaki to Rak i Lew."
"ryby";"2021-04-27";"Ryby czeka pracowity dzień. Nie obawiajcie się dodatkowych zadań i większej odpowiedzialności. Dzisiejsza pełnia Księżyca sprzyja sprawom, których powodzenie zależy od uznania ważnych osób. Po południu nie zapomnijcie o bliskich. Ktoś cierpliwie czeka na trochę uwagi i troski. Sprzyja wam Rak."
"ryby";"2021-04-26";"Ryby ułożą tajny plan, który przywiedzie je do zwycięstwa. Dzień najbardziej sprzyja ważnym przemyśleniom, które dotyczą pieniędzy, oszczędności i zysków. Dzisiaj Ryby drobiazgowo sprawdzą wszystkie płatności. Tylko na kosmetykach nie ma co oszczędzać. Sprzyjające znaki to wam Lew i Strzelec."
"ryby";"2021-04-25";"Ryby będą serdeczne i troskliwe. Możecie liczyć na szczęśliwe zbiegi okoliczności i dobre wiadomości. Tylko wybaczcie urazy, zapomnijcie o starych sprawach i pogódźcie się z krewnymi. Po południu bądźcie uczynni i skromni, a zyskacie podziw bliskich. Przychylne wam znaki zodiaku to Rak i Wodnik."
"ryby";"2021-04-24";"Ryby czeka zabiegany, ale w efekcie udany dzień. Zamiast odpocząć trzeba będzie decydować, rządzić i brać na siebie odpowiedzialność za innych. Zdajcie się na intuicję i ufajcie swoim przeczuciom. Wieczorem okaże się, że wasze decyzje były słuszne, doceni was Panna."
"ryby";"2021-04-23";"Ryby będą władcze, a nawet despotyczne. Waszym żądaniom nikt się nie sprzeciwi. Dzień sprzyja załatwianiu ważnych spraw w urzędach i biurach. Nie bójcie się trudnych decyzji. Ludzie chętnie pytać was będą o zdanie, a być może będziecie musieli rozsądzić czyjś spór. Nawet Koziorożec nie podporządkuje się waszym rozkazom."
"ryby";"2021-04-22";"Ryby będą dzisiaj zaangażowane w ważne sprawy, postanowią wzbudzać będą w każdym podziw i respekt. Jednak nie tędy droga do sukcesu, bo wszystkie przeszkody pokonacie dzięki wyjątkowemu urokowi osobistemu. Sprzyjające znaki to Bliźnięta i Strzelec."
"ryby";"2021-04-21";"Ryby mogą dziś zachowywać się w tajemniczy sposób, a nawet zareagować w niestandardowy sposób. To będzie dzień pełen twórczych inspiracji. Nie zgubcie tylko czegoś w sklepie lub na spacerze. Będzie wesoło, ale możecie być roztargnieni. Sprzyjające wam znaki to Baran i Wodnik."
"ryby";"2021-04-20";"Ryby będą dziś rozkojarzone i niespokojne. Ważne sprawy i terminy spotkań mogą nagle się zmienić. Nie denerwujcie się, jeśli ktoś zachowa się wbrew utartym zasadom. Wiele korzyści przyniesie współpraca z innymi, a dobrych rad udzielą przyjaciele. Po południu Wodnik skutecznie odciągnie was od domowych obowiązków."
"ryby";"2021-04-19";"Ryby nie będą narzekać na brak zajęć. Postanowią przejrzeć ważne rachunki i dokumenty. Nie obiecujcie tylko zbyt wiele, bo ktoś w pracy będzie oczekiwać od was wielkiego poświęcenia. Wieczorem odezwie się do was ktoś interesujący, o kim prawie już zdążyliście zapomnieć. Sprzyjające znaki to Bliźnięta i Skorpion."
"ryby";"2021-04-18";"Ryby czeka przyjemny dzień. Dobre wiadomości od krewnych poprawią wam humor. Odpocznijcie od zwykłych obowiązków i przeznaczcie więcej czasu na relaks i przyjemności. Propozycje odwiedzin lub spacerów będą bardzo kuszące, nawet jeśli ich nie planowaliście. Sprzyjający wam znak zodiaku to wesoły Lew."
"ryby";"2021-04-17";"Ryby czeka sympatyczny i spokojny dzień. Obowiązki i codzienne sprawy dostarczą wam wiele satysfakcji, bo będziecie komuś potrzebni. Po południu Ryby zainteresują się swoją kondycją. Spacer, odrobina sportu i zdrowa dieta to wszystko, co jest wam potrzebne. Sprzyjające wam znaki to Lew i Skorpion."
"ryby";"2021-04-16";"Ryby zajmą się dobrem najbliższych, stworzą niezwykłą atmosferę, a jeśli trzeba, to pocieszą zapłakanych i nieszczęśliwych. Nie kierujcie się dzisiaj tylko i wyłącznie litością i współczuciem, bo nieodpowiedzialny krewny może to wykorzystać. Sprzyjające wam znaki to Strzelec i Waga."
"ryby";"2021-04-15";"Ryby mogą liczyć na sympatię otoczenia. Wykorzystajcie swoje umiejętności, zabłyśnijcie talentem, zamiast siedzieć grzecznie w kącie. Niektóre Ryby odkryją nowe zainteresowania, z zapałem będą zdobywać nowe wiadomości. Sprzyjające wam znaki to Bliźnięta i Lew."
"ryby";"2021-04-14";"Ryby będą zajęte rozmawianiem ze znajomi i przyjaciółmi. Nie zapomnijcie, że oprócz telefonów istnieją jeszcze inne formy komunikacji z ludźmi i czasami lepiej po prostu się z kimś spotkać lub chociaż umówić na przyszłość. Ciekawy pomysł na wyjazd pojawi się właśnie dziś, kiedyś go zrealizujecie. Sprzyjające wam znaki to Rak i Wodnik."
"ryby";"2021-04-13";"Ryby będą dziś pracowite i obowiązkowe. Wasz upór i zdecydowanie przyniosą korzyści. Nie upierajcie się jednak za bardzo przy swoich pomysłach i nie krytykujcie bliskich. Dzień sprzyja przede wszystkim sprawom związanym ze zdrowiem i urodą. W sprawach miłosnych wskazana jest dziś większa rozwaga. Przychylny wam znak zodiaku to Wodnik."
"ryby";"2021-04-12";"Ryby poczują tęsknotę za ciszą i spokojem. Nowe sprawy i przedsięwzięcia jednak okażą się nudne. Możliwe są drobne nieporozumienia ze współpracownikami. Okażcie im więcej zrozumienia, ale też nie pozwólcie, aby wszyscy weszli wam na głowę. Sprzyjające wam znaki to Lew i Strzelec."
"ryby";"2021-04-11";"Ryby będą dziś przebojowe i pewne siebie. Zorganizują sobie i innym dobrą zabawę, zatroszczą się o dobre samopoczucie bliskich. Każdy będzie zabiegał o wasze towarzystwo. Ostrożnie z kosztowaniem różnych przysmaków, jak się rozpędzicie, wszystko sami zjecie. Sprzyjające wam znaki to Byk i Rak."
"ryby";"2021-04-10";"Dziś ludzie sprzyjają Rybom. Jeśli chcecie coś załatwić lub przekonać kogoś do swoich planów, to zróbcie to właśnie teraz. Nawet najbardziej szalone pomysły mają szansę na realizację. Sprzyjające wam znaki to Panna i Koziorożec, jedynie Byk może was nie zrozumieć."
"ryby";"2021-04-09";"Ryby będą miały dobry humor. Otrzymają wiele dobrych wiadomości, przede wszystkim od ukochanych im osób. Po południu warto wybrać się na spacer i nie myśleć więcej o żadnych kłopotach. Sprzyjające wam znaki to Baran i Strzelec."
"ryby";"2021-04-08";"Ryby będą planować i decydować co trzeba zrobić w domu lub w pracy. To dobry dzień, aby upomnieć się o swoje prawa. Ryby, które gotują i gospodarują domem osiągną wyżyny swego kunsztu. Dzień sprzyja też porządkom, zakupom, urządzaniu mieszkania. Sprzyjające wam znaki to Rak i Panna."
"ryby";"2021-04-07";"Ryby rano będą dociekliwe i towarzyskie. Współpraca z kimś starszym okaże się bardzo udana. Po południu czas na domowe obowiązki. Nie należy Rybom przeszkadzać w gotowaniu lub porządkach. Jeśli ktoś nie będzie chciał pomagać, to obrażą się na długo. Sprzyjające wam znaki to Byk i Strzelec."
"ryby";"2021-04-06";"Ryby zapragną wypoczynku w luksusowym miejscu lub zrobią listę rzeczy, które chciałyby dostać taniej na wyprzedaży. Nie bądźcie zbyt zachłanni, bo całkowicie się spłuczecie. Rozsądek przywróci wam rozmowa z oszczędnym Koziorożcem. Sprzyjające wam znaki to także Bliźniak i Waga."
"ryby";"2021-04-05";"Ryby będą romantyczne i czułe. Zachwycą otoczenie swoim urokiem, będą doradzać w sprawach mody, urody i gotowania. Po południu Ryby mają też szczęście w miłości. Sprzyjające wam znaki to Byk i Koziorożec. Uważajcie na Skorpiona, który nie czuje duchowych klimatów i naśmiewa się z waszych zwierzeń."
"ryby";"2021-04-04";"Ryby popatrzą na życie z optymizmem. Mimo zabiegania i kilku nowych domowych obowiązków poświęcicie bliskim więcej czasu. Ktoś będzie się cieszyć, jeśli dzisiaj do niego zadzwonicie z wielkanocnymi życzeniami. Sprzyjające wam znaki to Baran i Koziorożec, nie słuchajcie narzekania Panny."
"ryby";"2021-04-03";"Ryby bez entuzjazmu podejdą do przedświątecznych porządków czy zakupów. Chętniej zajmą się kreatnywnym hobby, poczytają książkę i obejrzą serial. Wieczorem warto spotkać się z kimś bliskim, choćby tylko on line. Sprzyjające wam znaki to Byk i Waga."
"ryby";"2021-04-02";"Ryby zapragną schować się przed światem, pogrążą w marzeniach i wspomnieniach. Ktoś mało delikatny może urazić was krytyką lub ostrym słowem. Lepiej odpowiadać na prowokacje i zaczepki, zwłaszcza nerwowego Strzelca. Sprzyjające wam znaki to Skorpion i Ryby."
"ryby";"2021-04-01";"Ryby chętnie unikną ryzyka, a przy okazji także niektórych męczących obowiązków. Możecie jednak mieć problemy z koncentracją. Radzimy spisać plan działania, bo improwizacja nie będzie waszym atutem. Sprzyjające wam znaki to Waga i Wodnik, nie dajcie się zdenerwować Strzelcowi, który wszędzie się spieszy."
