"skorpion","2021-03-16","16 marca 2021","Skorpionom przyjdą do głowy zaskakujące pomysły na rozwiązanie zawodowych problemów. Szczegóły wymagać jednak będą dodatkowych ustaleń i współpracy z innymi. Możecie dziś liczyć na pomoc przyjaciół, niespodziewane spotkania i optymistyczne wiadomości. W miłości powodzenie. Sprzyjające wam znaki zodiaku to Lew i Waga."
"skorpion","2021-03-15","15 marca 2021","Skorpiony wpadną na nowe pomysły, łatwo się czegoś nowego nauczą. Dziś nie uda się przed wami ukryć żądnych tajemnic. Na służbowych spotkaniach warto wypytywać o ważne sprawy, a nawet przyszłość firmy. Szef się dzisiaj wam uważnie przygląda i możecie zabłysnąć. Sprzyjające wam znaki to Byk i Strzelec."
"skorpion","2021-03-14","14 marca 2021","Skorpiony czeka sympatyczny dzień. Radość i optymizm zjednają wam nowych zwolenników. W domowych kłopotach postawcie na niekonwencjonalne rozwiązania. O starych sprawach zapomnijcie i nie uczestniczcie w sąsiedzkich intrygach. Sprzyjający wam znak zodiaku to Lew."
"skorpion","2021-03-13","13 marca 2021","Skorpiony będą dziś spokojniejsze niż zwykle. Nie bierzcie na siebie dodatkowych obowiązków, bo trudno będzie się wam skupić na nużących szczegółach. Po południu humor poprawią wam przyjaciele. Propozycja spotkania okaże się niezwykle interesująca. Przychylne wam znaki zodiaku to Byk i Lew."
"skorpion","2021-03-12","12 marca 2021","Skorpiony czeka udany dzień. Dziś warto odważnie zaczynać nowe sprawy. Nie oglądajcie się na stare uprzedzenia i trudności. Wasze opinie okażą się niezwykle interesujące, także dla innych. Nie oszukujcie, bo dziś niczego nie da się ukryć. Przychylny wam znak zodiaku to Rak."
"skorpion","2021-03-11","11 marca 2021","Skorpiony będą bardzo ambitne i zdecydowane. Zapragniecie dziś rozpocząć porządki, a nawet przemeblowania. Niestety, domownicy mogą nie zgodzić się na wasze propozycje. Więcej uśmiechu, a dzień okaże się udany. Po południu warto pomyśleć o miłości. Dzisiejsze pomysły i plany okażą się szczęśliwe. Pomoże wam Rak."
"skorpion","2021-03-10","10 marca 2021","Skorpiony będą wesołe i ciekawe świata. Trudno będzie wam usiedzieć dłużej w jednym miejscu. Po południu wybierzcie się z wizytą, choćby do sąsiadów. Bez trudu znajdziecie interesujący temat na dłuższą pogawędkę. Także zawarte dziś znajomości okażą się bardzo interesujące. Przychylny wam znak zodiaku to Bliźnięta."
"skorpion","2021-03-09","9 marca 2021","Skorpiony mogą czuć się osłabione i nie powinny zanadto się męczyć. Łatwo dziś o pomyłkę czy nawet zgubę. Nie obiecujcie zbyt wiele i unikajcie ryzyka. Po południu randka lub trochę rozrywki i oderwanie się od codziennych zajęć pozwoli zregenerować siły. Sprzyjający wam znak zodiaku to Rak."
"skorpion","2021-03-08","8 marca 2021","Skorpiony będą dziś bardzo spostrzegawcze i pomysłowe. Nie opłaci się leniuchować, bo macie szansę zaciekawić przełożonych swoimi talentami i zyskać bardzo dobre oceny. Wasze pomysły mogą jednak zadziwić osoby ciche i spokojne. Więcej cierpliwości, a wszystko się uda. W razie potrzeby pomoże wam Lew."
"skorpion","2021-03-07","7 marca 2021","Skorpiony na myśl o domowych obowiązkach ogarnie wielka niechęć i lenistwo. Dzień sprzyja radosnej zabawie i udanym spotkaniom z przyjaciółmi. Łatwo zyskacie dziś podziw innych. Najlepsza pora dnia to południe, a sprzyjające wam znaki zodiaku to Baran i Strzelec."
"skorpion","2021-03-06","6 marca 2021","Skorpiony czeka sympatyczny dzień. Aura sprzyja zakupom, spotkaniom z przyjaciółmi i zdobywaniu nowych wiadomości. Mimo wolnego dnia pomyślcie o kursach i szkoleniach on line, które przydadzą się wam w dalszej karierze. Najlepsza pora dnia to popołudnie, a przychylny wam znak zodiaku to Bliźnięta."
"skorpion","2021-03-05","5 marca 2021","Skorpiony zapragną żyć w luksusie. Skorzystajcie z każdej okazji i znajomości, aby dowiedzieć się jak pomnożyć swoje dobra lub zaoferować swoje usługi. Waszymi atutami będą optymizm i niekonwencjonalne, zaskakujące pomysły. Podczas rodzinnych spotkań liczcie się z opinią starszej osoby. Sprzyjający wam znak zodiaku to Koziorożec."
"skorpion","2021-03-04","4 marca 2021","Skorpiony poczują się zmęczone nadmiarem obowiązków. Szef może być dziś bardziej niż zwykle wymagający, a ludzie mogą wydawać się mało rozgarnięci. Nie denerwujcie się bez potrzeby. Opanujecie sytuację dzięki umiejętności negocjacji i cierpliwości. Sprzyjający wam znak zodiaku to Byk."
"skorpion","2021-03-03","3 marca 2021","Skorpiony będą bardzo ambitne i zdecydowane, jednak nie wszystko dziś uda się zrobić. Nie martwcie się, bo zaległości nie będą duże. Postarajcie się sami pamiętać o swoich zobowiązaniach, bo ktoś może wytknąć wam niedociągnięcia. Sprzyjający wam znak zodiaku to Panna."
"skorpion","2021-03-02","2 marca 2021","Skorpiony będą łaknąć nowości i zmian. Wszystko wykonacie po swojemu i nie będziecie słuchać niczyich rad. Lepiej nie dyskutować dziś ze Strzelcami, bo mogą być wybuchowe. Sport lub spacer poprawi wam humor. Sprzyjające wam znaki to Koziorożce i Wodniki."
