"skorpion";"2021-04-30";"Skorpiony powinny dziś uważać na to, co mówią i obiecują różnym ważnym osobom. Możliwe są zaskakujące pomyłki i dziwne zbiegi okoliczności. Intuicja podpowie wam jak wybrnąć z kłopotów. Mogą też przydarzyć się wam prorocze sny i wizje. Sprzyjające znaki to Waga i Strzelec."
"skorpion";"2021-04-29";"Skorpiony będą obowiązkowe i wyjątkowo pilne. Przejmą się poleceniami i regulaminami. Taki dzień warto poświęcić na porządki i nadrabianie zaległości. Nie pozwólcie, aby narzekania innych popsuły wam humor. W kłopotach poradźcie się Barana i lepiej nie zaczepiajcie dziś Bliźniąt."
"skorpion";"2021-04-28";"Skorpiony czeka spokojny dzień. Ktoś was pochwali i doceni. Niektóre Skorpiony na poważnie zainteresują się swoją kondycją, zdrowiem i dietetyką. Warto wyjść na spacer lub poćwiczyć w domu, albo zorganizować rodzinny spacer. Sprzyjający wam znak to Lew."
"skorpion";"2021-04-27";"Skorpiony będą dziś pracowite. Warto zabrać się za ważne sprawy zawodowe, bo pełnia Księżyca w waszym znaku sprzyja sukcesom. Macie wiele sił i energii, a szczęście sprzyja wam w sprawach finansowych. W obronie swoich zysków możecie jednak stać się niebezpieczni. Unikajcie konfliktów. We wszystkim pomoże Waga."
"skorpion";"2021-04-26";"Skorpiony zaczną przekonywać rodzinę do oszczędności. Niektóre decyzje okazać się mogą zbyt surowe i wywołać wielką domową dyskusję. Po południu Skorpiony wycofają się z niektórych porannych pomysłów, bo same zapragną bawić się i odpoczywać. Sprzyjające znaki to wam Rak i Ryby."
"skorpion";"2021-04-25";"Skorpiony zapragną pokazać rodzinie z jak najlepszej strony. Możecie jednak być nerwowi i bardzo wymagający. Nastrój poprawi wam ulubione danie. Popołudnie będzie bardzo udane, rozwiążecie wiele rodzinnych kłopotów. Przychylne wam znaki zodiaku to Panna i Koziorożec."
"skorpion";"2021-04-24";"Skorpiony będą dziś liczyć pieniądze w portfelu i kalorie na talerzu. Przed waszym przenikliwym wzrokiem nie ukryje się żaden rodzinny sekret. Szanujcie zdanie innych i nie bądźcie uparci. Zamiast tracić czas na męczące dyskusje warto wybrać się na spacer. Sprzyjający wam znak to Byk."
"skorpion";"2021-04-23";"Skorpiony czeka pracowity dzień. Wpadniecie na dobry pomysł, który zapewni wam uznanie. Osiągniecie dziś sukces dzięki punktualności i przestrzeganiu zasad. Uważajcie tylko podczas podejmowania decyzji finansowych, bo wasze przewidywania mogą być zbyt optymistyczne. Byk trafnie wam doradzi."
"skorpion";"2021-04-22";"Skorpiony będą przyjaźnie nastawione do świata. Uda się wam wybrnąć z różnych zaległości i nieporozumień. Łatwo będziecie ulegać swoim zachciankom, nie przesadzajcie więc z wydatkami na kosmetyki i ubrania. Sprzyjające znaki to Koziorożec i Wodnik."
"skorpion";"2021-04-21";"Skorpiony znajdą tysiąc spraw do załatwienia i omówienia. Będą chciały, aby wszyscy liczyli się z ich decyzjami i nie będą tolerować sprzeciwu. Na szczęście w ciągu dnia nastrój zelżeje i wieczorem znów Skorpiony staną się wyrozumiałe i otwarte na nowe pomysły. Sprzyjające wam znaki to Bliźnięta i Lew."
"skorpion";"2021-04-20";"Skorpiony czeka spokojny dzień. Skupcie się na ważnych sprawach, nie rozpraszajcie i nie interesujcie cudzymi sekretami. Fantazja może podpowiedzieć wam niewłaściwe rozwiązanie ważnego problemu. Starajcie się, aby waszymi decyzjami kierowały rozsądek i logika. Pomoże wam Panna."
"skorpion";"2021-04-19";"Skorpiony mogą być zmęczone i z tego powodu nie będą czuły się zbyt pewnie. Ludzie wydadzą się wam nieuprzejmi, a bliscy zajmą się swoimi sprawami. Nie przejmujcie się jednak, intuicja podpowie wam jak skutecznie działać. Sprzyjające znaki to Baran i Waga."
"skorpion";"2021-04-18";"Skorpiony czeka ciekawy dzień. Będziecie odważni i przedsiębiorczy, nie dacie się wykorzystać czy oszukać. Warto zabrać się za sprawy, które wymagają cierpliwości i zdecydowania. Uważajcie podczas podróży, bo będziecie dziś skłonni do szybkiej jazdy. Sprzyjający wam znak zodiaku to Baran."
"skorpion";"2021-04-17";"Skorpiony będą dziś w dobrym humorze. Bawcie się, ale nie zapominajcie o obowiązkach wobec bliskich. Mimo soboty jakiś pomysł dotyczący kariery poprawi wam samopoczucie. Skorpiony, które zdecydują się iść na spacer, odpoczną i zrobią piękne zdjęcia. Sprzyjające wam znaki to Koziorożec i Wodnik."
"skorpion";"2021-04-16";"Skorpiony postanowią naprawić świat. Pewna niesprawiedliwość czy jawne złamanie przez kogoś prawa skłoni was do aktywnego działania. Na pomoc i dobrą radę Skorpionów mogą dziś liczyć osoby pokrzywdzone. Ale musicie też trochę odpocząć. Sprzyjające wam znaki to Byk i Koziorożec."
"skorpion";"2021-04-15";"Skorpiony będą optymistycznie nastawione do życia. Uda się komuś pomóc lub sprowokować jakieś sympatyczne wydarzenia, jednak na wdzięczność ludzi nie ma co liczyć. Bądźcie więc samodzielni i samowystarczalni, a dobro i tak do was wróci. Sprzyjające wam znaki to Panna i Koziorożec."
"skorpion";"2021-04-14";"Skorpiony wszystkie sporne sprawy będą chciały rozwiązać polubownie. Nie bądźcie jednak leniwi i zróbcie coś dla innych. To korzystny dzień na spotkania towarzyskie i randki. Wieczorem pamiętajcie o spełnieniu obietnicy lub o prezencie. Sprzyjające wam znaki to Lew i Strzelec."
"skorpion";"2021-04-13";"Skorpiony będą dziś marudzić i złościć się nawet bez wyraźnego powodu. Opanuje was spokojny i senny nastrój. Wyciągnijcie wnioski z niepowodzeń, nie dajcie się chandrze. Humor poprawi wam rozmowa z przyjaciółmi. Wieczorem nie podejmujcie ryzykownych decyzji, które dotyczą miłości. Sprzyjający wam znak zodiaku to Rak."
"skorpion";"2021-04-12";"Skorpiony policzą gotówkę i wyegzekwują obietnice oraz długi. Dzień sprzyja spokojnej pracy i nadrabianiu zaległości. Wieczorem nie przesadzajcie z ryzykiem, zwłaszcza jeśli lubicie sport. Uważajcie i nie rozpędzajcie się także na drodze. Sprzyjające wam znaki to Bliźnięta i Waga."
"skorpion";"2021-04-11";"Skorpiony, mimo wolnego dnia, będą zajęte układaniem swoich planów zawodowych. Im więcej możliwości zawodowych dzisiaj znajdziecie, tym lepiej dla was. Bądźcie jednak rzetelni i realistycznie oceńcie swoje możliwości. Wieczorem odpocznijcie wśród bliskich. Sprzyjające wam znaki to Byk i Panna."
"skorpion";"2021-04-10";"Skorpiony wpadną na kilka zupełnie nowych pomysłów i chętnie o nich wszystkim opowiedzą. Po południu, zamiast zamęczać domowników swoimi monologami, idźcie odwiedzić przyjaciół. Możliwe są dziś nowe, ekscytujące znajomości, a może nawet romans. Sprzyjające wam znaki to Rak i Wodnik."
"skorpion";"2021-04-09";"Skorpiony zdobędą uwagę swoich znajomych. Wasza prezencja i sposób zachowania wzbudzać będzie podziw. W miłości bądźcie jednak ostrożni, bo zadufanie w sobie nie wyjdzie wam na dobre. Partner też chciałby, abyście go pochwalili. Sprzyjające wam znaki to Rak i Panna."
"skorpion";"2021-04-08";"Skorpiony nie pozwolą, aby ktokolwiek im rozkazywał lub naruszał ich interesy. Dzisiaj pokażecie wszystkim,co potraficie. Macie szansę na wygraną, ale pomyślcie o przyszłości. Pamiętajcie też, że od pewnych decyzji nie będzie potem odwrotu. Sprzyjające wam znaki to Bliźnięta i Panny."
"skorpion";"2021-04-07";"Skorpiony będą zajęte sprawami uczuć. Pewna wiadomość da wam sporo do myślenia. Unikajcie tylko zazdrości, nie bądźcie podejrzliwi i nieufni wobec partnera. Pamiętajcie też o przyjaciołach, którzy zawsze pomogą wam w kłopotach. Sprzyjające wam znaki to Rak i Panna."
"skorpion";"2021-04-06";"Skorpiony mogą dziś zachowywać się w tajemniczy sposób, a nawet zakochać nagle i gorąco. Skorpiony artyści mają przed sobą dzień pełen twórczych inspiracji. Nie zgubcie tylko czegoś w sklepie lub w podróży. Ktoś was zagada i sprawi, że możecie być roztargnieni. Sprzyjające wam znaki to Baran i Wodnik."
"skorpion";"2021-04-05";"Skorpiony postanowią kogoś szczególnie za wynagrodzić za pomoc lub zaangażowanie w ich prywatne sprawy. Jednak Wielkanoc także sprzyja randkom, rozmowom z przyjaciółmi i dobrej zabawie. Samotne Skorpiony mają szczęście w miłości. Sprzyjające wam znaki to Baran i Ryby."
"skorpion";"2021-04-04";"Skorpiony będą podejmować ważne rodzinne decyzje, ale w obronie swoich zachcianek mogą być bezwzględne. Biada każdemu, kto wejdzie dziś w drogę Skorpionowi. Jedynie bardzo miły komplement i wielkanocny obiad poprawią Skorpionom humor. Sprzyjające wam znaki to Strzelec i Wodnik."
"skorpion";"2021-04-03";"Skorpiony nie pozwolą obciążyć się dodatkowymi domowymi obowiązkami, będą asertywne i pewne siebie. Rozkazującym tonem wydadzą wszystkim polecenia, a potem się zdziwią, że ktoś z domowników poczuł się urażony. A może warto spełnić niektóre prośby? Sprzyjające wam znaki to Strzelec i Wodnik."
"skorpion";"2021-04-02";"Skorpiony mogą zyskać popularność, bo będą otwarte na nowe propozycje. Na służbowe spotkanie warto zabrać notes, bo wpadniecie na mnóstwo zyskownych pomysłów. Dzień przyniesie też szansę na nowe, ciekawe znajomości. Sprzyjające wam znaki to Bliźnięta i Waga."
"skorpion";"2021-04-01";"Skorpiony będą rozmarzone, ale wiosną można sobie pomarzyć. Nie przejmujcie się niczym i nie bierzcie uwag innych na poważnie. Wieczorem Skorpiony staną się niezwykle uduchowione, na przypływ natchnienia liczyć mogą artyści i poeci. Sprzyjające wam znaki to Wodnik i Ryby, uważajcie na wygadaną Pannę."
