"strzelec";"2021-04-30";"Strzelce czeka spokojny dzień. Uważajcie tylko podczas służbowych spotkań, bo ktoś leniwy chętnie obarczy was swoimi obowiązkami. Po południu dobry czas na szybkie, ale luksusuwe zakupy. Należy się wam nagroda za wszystkie życiowe trudy. Sprzyjające znaki to Byk i Panna."
"strzelec";"2021-04-29";"Strzelce będą towarzyskie i wesołe. Śmiałe decyzje i ambitne plany będą domeną Strzelców. Możecie liczyć na pomoc przyjaciół i inspirację ze strony współpracowników. Wasze dzisiejsze pomysły okażą się bardzo zyskowne, warto więc skupić się na sprawach zawodowych."
"strzelec";"2021-04-28";"Strzelce poczują przypływ optymizmu. Możecie liczyć na sympatię nawet tych ludzi, których dobrze nie znacie. To dobry dzień, aby załatwić sprawy, których powodzenie zależy od opinii innych. Sprzyjając wam znak to Wodnik."
"strzelec";"2021-04-27";"Strzelce czeka dobry dzień. Uda się wam kogoś pocieszyć lub komuś pomóc. Zyskacie tym wdzięczność i sympatię współpracowników. Dzisiejsza pełnia Księżyca sprzyja zjednywaniu sobie ludzi i zdobywaniu popularności. Postarajcie się jednak nie chwalić swoimi znajomościami, bo ktoś zacznie o nie nadmiernie wypytywać. Sprzyjający wam znak zodiaku to Waga."
"strzelec";"2021-04-26";"Strzelce będą miały szansę zrobić dziś coś dobrego dla siebie i bliskich osób. Planety wróżą sposobność do ciekawego spotkania lub nawet drobnej pieniężnej wygranej. Dzień sprzyja także podróżom i spotkaniom z przyjaciółmi. Sprzyjające znaki to wam Byk i Waga."
"strzelec";"2021-04-25";"Strzelce nie opuszczą żadnego ciekawego spotkania, a po południu jeszcze zdążą zadzwonić do sąsiadów czy starych przyjaciół. Będziecie weseli, towarzyscy i pewni siebie. Okazana komuś pomoc sprawi, że zyskacie dziś opinię osób hojnych i szlachetnych."
"strzelec";"2021-04-24";"Strzelce czeka udany dzień. Warto szybko uporać się z rodzinnymi obowiązkami i zarezerwować trochę czasu tylko dla siebie. Wasza kondycja i uroda wymagać będą uwagi, a system nerwowy spokoju. Wieczorem warto odpocząć, obejrzeć dobry film i zapomnieć o codziennych sprawach."
"strzelec";"2021-04-23";"Strzelce postanowią obracać się tylko w dobrym towarzystwie. Opinie innych ludzi będą dla was bardzo ważne. Brońcie swoich dokonań przed konkurencją. Nie przejmujcie się, jeśli ktoś nie zgodzi się z wami lub otwarcie skrytykuje wasz pomysł. Kiedyś ta osoba i tak przyzna wam rację."
"strzelec";"2021-04-22";"Strzelce zajmą się wyglądem swojego mieszkania. Posprzątają wszystkie kąty, zastanowią się nad zmianą zasłon lub koloru ścian. Weźcie pod uwagę rady życzliwej wam osoby, a będzie jeszcze ładniej. Sprzyjające znaki to Baran i Wodnik."
"strzelec";"2021-04-21";"Strzelce czeka bardzo udany dzień. Planety sprzyjają nowym znajomościom. Nie zapominajcie jednak, że macie dziś pewne obowiązki do wypełnienia. Najpierw spełnijcie obietnice, a dopiero potem ruszajcie na poszukiwanie przygód. Sprzyjające wam znaki to Baran i Wodnik."
"strzelec";"2021-04-20";"Strzelce będą czułe na punkcie grzeczności i oznak szacunku. Od rana pragnąć będą towarzystwa osób dobrze wychowanych. Uważajcie, aby waszego zaufania nie zdobyli dziś pochlebcy. Bądźcie tez ostrożni i nie kłóćcie się z domownikami. Obok Wagi odzyskacie wewnętrzną równowagę."
"strzelec";"2021-04-19";"Strzelce będą uprzejme i zgodne. Chętnie spotkacie się ze współpracownikami, a nawet pomożecie rozwiązać pewien trudny problem. Uda się wam też znaleźć chwilę czasu dla przyjaciół. Choć dzisiaj poniedziałek, to zabawa będzie udana. Sprzyjające znaki to Byk i Waga."
"strzelec";"2021-04-18";"Strzelce będą bardzo obowiązkowe. Mimo niedzieli chętnie zabierzecie się za porządki i sprawy, które wymagają skupienia i uwagi. Niestety, na pomoc domowników nie ma co liczyć, wszyscy będą tylko leniuchować. Po południu nie słuchajcie narzekania, tylko dobrze się bawcie. Sprzyjające wam znaki zodiaku to Panna i Koziorożec."
"strzelec";"2021-04-17";"Strzelce będą dziś wesołe i bardzo optymistycznie nastawione do życia. Jeśli trzeba kogoś pocieszyć lub mu pomóc, to właśnie Strzelce spiszą się najlepiej. Będziecie dziś najlepiej poinformowanymi osobami w okolicy. Nie powtarzajcie jednak plotek, które mogą komuś zaszkodzić. Sprzyjające wam znaki to Rak i Koziorożec."
"strzelec";"2021-04-16";"Strzelce będą dziś wesołe, chętnie wysłuchają najnowszych ploteczek i żartów. Dzień sprzyja rodzinnym spotkaniom i podróżom. Małe Strzelce będą dziś bardzo ciekawe świata. Rodzice powinni ich pilnować, aby się gdzieś nie zapodziały. Sprzyjające wam znaki to Bliźnięta i Waga."
"strzelec";"2021-04-15";"Strzelce będą rozmarzone i senne, choć w dobrym nastroju. Nie przejmujcie się niczym i nie bierzcie uwag innych na poważnie. Wieczorem na przypływ natchnienia liczyć mogą artyści i poeci. Sprzyjające wam znaki to Wodnik i Ryby, uważajcie na wygadaną Wagę."
"strzelec";"2021-04-14";"Strzelce mogą poczuć się osłabione i pozbawione energii do pracy. Dzisiaj nie róbcie niczego na siłę. Zaproszenia od przyjaciół na pewno was ożywią, warto się dzisiaj trochę pobawić. Sprzyjające wam znaki to Bliźnięta i Wodnik."
"strzelec";"2021-04-13";"Strzelce będą bardzo zapracowane i jednocześnie zainteresowane cudzymi sprawami. Pod wpływem nowych informacji zmienicie wcześniejsze ustalenia lub wybierzecie się z wizytą. Efekty dzisiejszych przedsięwzięć okażą się bardzo udane. Wieczorem odpocznijcie i obejrzyjcie ulubiony film. Sprzyjający wam znak zodiaku to Bliźniak."
"strzelec";"2021-04-12";"Strzelce nie usiedzą dziś zbyt długo w jednym miejscu. Chętnie wybiorą się na miasto, bardzo szybko załatwią różne urzędowe i towarzyskie sprawy. Lepiej jednak sugerować się zbytnio cudzymi opiniami, ufajcie swojej intuicji. Sprzyjające wam znaki to Byk i Panna."
"strzelec";"2021-04-11";"Strzelce zapomną dzisiaj o problemach i będą chciały zająć się swoim hobby. Ktoś jednak może zaskoczyć was nową propozycją różnych rozrywek. Nie warto robić dokładnych planów, bo i tak zmienicie je kilka razy w ciągu dnia. Sprzyjające wam znaki to Skorpion i Koziorożec."
"strzelec";"2021-04-10";"Strzelce będą dziś bardzo leniwe i niechętnie ruszą się z domu. Nie uda się ich zmotywować do domowych prac czy aktywnego wypoczynku. Na kanapie, z dobrą książką lub serialem, będzie wam najprzyjemniej. Wieczór sprzyja popisom kulinarnym. Sprzyjające wam znaki to Rak i Ryby."
"strzelec";"2021-04-09";"Strzelce będą pełne niewytłumaczalnych obaw. Prorocze sny mogą pokazać wam, co się wkrótce stanie. Nie przesadzajcie tylko z dziwnymi opowieściami. Jeśli przestraszycie Raka lub Ryby, to czeka was potem długa rozmowa i mnóstwo wyjaśniania co właściwie mieliście na myśli. Sprzyjające wam znaki to Lew i Panna."
"strzelec";"2021-04-08";"Strzelce zapragną być w kilku miejscach na raz. Na służbowych spotkaniach zainteresujcie się nowym projektem. Dzień sprzyja także waszym sprawom uczuciowym, warto więcej czasu spędzić z ukochaną osobą. Sprzyjające wam znaki to Byk i Panna."
"strzelec";"2021-04-07";"Strzelce nie będą wiedziały, co będzie dzisiaj najważniejsze: praca, towarzystwo przyjaciół czy obowiązki wobec rodziny. Przy dobrej organizacji uda się wam pogodzić te rzeczy i nie sprawić nikomu przykrości. Sprzyjające wam znaki to Panna i Koziorożec."
"strzelec";"2021-04-06";"Strzelce czeka dzień bez większych trosk. Uważajcie tylko w sklepach, bo poniesie was fantazja. Łatwo zdecydujecie się na różne ekscentryczne zakupy lub spełnicie swoje najskrytsze zachcianki. Dzień sprzyja za to nauce i ciekawym rozmowom. Sprzyjające wam znaki to Baran i Panna."
"strzelec";"2021-04-05";"Strzelce zainteresują się różnymi finansowymi sprawami i chętnie porozmawiają o nich z krewnymi. Wieczorem uważajcie, bo czyjeś zachowanie zaskoczy całą rodzinę. Będziecie dociekać, o czym naprawdę myśli i co planuje bliska osoba. Sprzyjające wam znaki to Baran i Wodnik, uważajcie na emocje Raka."
"strzelec";"2021-04-04";"Strzelce wpadną na pomysły, które zaskoczą ich otoczenie. Zaraz po wielkanocnym obiedzie postanowią coś w domu przemeblować lub zmienić. Popołudnie bardziej sprzyja jednao spacerom i odpoczynkowi. Samotne Strzelce mają szansę zapoczątkować obiecującą znajomość. Sprzyjające wam znaki to Lew i Wodnik."
"strzelec";"2021-04-03";"Strzelce z chęcią zajmą się hobby lub robieniem wiosennych dekoracji. Nie przejmiecie się zbytnio przyziemnymi problemami czy przygotowaniami do wielkanocnych spotkań. Uważajcie, ktoś szykuje wam karę. Skorpion lub Panna nie daruje wam, jeśli zostawicie go samego z porządkami lub zakupami. Lepiej się poprawcie!"
"strzelec";"2021-04-02";"Strzelece od samego rana będą buntownicze i niepokorne. Żaden autorytet nie ostanie się w ostrzu ich krytyki. Ostrożnie, bo w ten sposób można stracić popleczników. Pamiętajcie, że jesteście lubiani, a to wielka wartość. Sprzyjające wam znaki to Rak i Ryby."
"strzelec";"2021-04-01";"Strzelce znajdą dziś nowych przyjaciół. Wasze pomysły spotkają się z uznaniem innych osób. Dzień sprzyja też zakupom, ale nie przesadzajcie z niezaplanowanymi wydatkami. Początek miesiąca sprzyja spełnianiu marzeń, ale gotówka się przyda także w pozostałe dni kwietnia. Sprzyjające wam znaki to Byk i Panna."
