"strzelec","2021-03-16","16 marca 2021","Strzelce będą skłonne do słownych utarczek. Wasze zdecydowane decyzje mogą wszystkich zaskoczyć. W takim nastroju lepiej nie załatwiać niczego z szefem czy w urzędzie. Dzień sprzyja sprawom, które związane są z domem i rodziną. Poświęćcie więcej uwagi swoim bliskim. Przychylny wam znak zodiaku to Lew."
"strzelec","2021-03-15","15 marca 2021","Strzelce chętnie zaangażują się w pożyteczną pracę, ale też zrobią wszystko, aby tylko udowodnić swoje racje. Popołudnie sprzyja wyjaśnianiu rodzinnych spraw, pisaniu maili i telefonowaniu do krewnych, żeby ułożyć plany na wiosnę. Sprzyjające wam znaki to Koziorożec i Ryby."
"strzelec","2021-03-14","14 marca 2021","Strzelce będą dziś niecierpliwe. Przyjaciele i randki okażą się ważniejsze niż rodzinne zobowiązania. Nie pozwólcie sobie na nerwy i rodzinne sprzeczki. Uważajcie, aby nie złamać przepisów lub nie obrazić kogoś starszego od siebie. Sprzyjający wam znak zodiaku to Wodnik."
"strzelec","2021-03-13","13 marca 2021","Strzelce rano będą trochę narzekać i marudzić, ale w południe ktoś poprawi wam humor. Dzień sprzyja nowym sprawom i szalonym pomysłom. Zadzwońcie do przyjaciół i zaplanujcie weekendowe atrakcje. Wieczorem nie słuchajcie plotek. Przychylne wam znaki zodiaku to Byk i Ryby."
"strzelec","2021-03-12","12 marca 2021","Strzelce czeka bardzo sympatyczny dzień. Czeka was powodzenie, a mądrą decyzją zasłużycie na sympatię otoczenia. Zawsze jest dobrze pogodzić się z ludźmi. Warto zaczynać nowe sprawy i nie bać się trudności. Na randce nie bądźcie zbyt ekscentryczni, bo ktoś poczuje się zaskoczony."
"strzelec","2021-03-11","11 marca 2021","Strzelce będą dziś bardzo niecierpliwe i nerwowe. Uważajcie, bo możecie podjąć zbyt pośpieszne decyzje, z których potem trudno będzie się wam wycofać. Uważajcie na słowa i bądźcie uważni za kierownicą. Po południu atmosfera stanie się spokojniejsza. Przychylny znak zodiaku to Bliźnięta."
"strzelec","2021-03-10","10 marca 2021","Strzelce zapragną spokoju i luksusu. Niestety, pilne obowiązki mogą pokrzyżować wasze plany. Dziś warto myśleć o pieniądzach i opracować plan różnych wydatków. Wieczorem odpocznijcie i zadbajcie o zdrowie. Rozmowa z kimś, kto interesuje się sztuką da wam wiele ciekawych tematów do przemyśleń. Przychylny wam znak zodiaku to Waga."
"strzelec","2021-03-09","9 marca 2021","Strzelce czeka sympatyczny dzień. Nie bójcie się nowatorskich rozwiązań i z optymizmem popatrzcie w przyszłość. Dzień sprzyja zdobywaniu przyjaciół i popularności. Po południu zapragniecie przebywać w pięknym otoczeniu. Uważajcie, aby podczas zakupów nie wydać zbyt wiele na coś, co wcale nie jest potrzebne. Trafnie doradzi wam Skorpion."
"strzelec","2021-03-08","8 marca 2021","Strzelce będą podejrzliwe, a nawet skąpe. W żadnej sprawie nie pozwolicie się pomijać czy wykorzystywać. Dzień sprzyja liczeniu zysków i gotówki, a także składaniu ofert o pracę. Wieczorem zapragniecie mocniejszych przeżyć i emocji. Jeśli szukacie serialu, to wybierzcie kryminał lub straszny horror. Chętnie obejrzy go z wami Byk."
"strzelec","2021-03-07","7 marca 2021","Strzelce zapragną coś w swoim otoczeniu zmienić. Posprzątajcie dom, zaparzcie filiżankę ulubionej herbaty, a szybko odzyskacie dobry humor. Dzień sprzyja sprawom zdrowia i urody. Warto przejrzeć swoją garderobę i pozbyć się niepotrzebnych rzeczy. Przychylny wam znak zodiaku to Panna."
"strzelec","2021-03-06","6 marca 2021","Strzelce będą dziś spokojne, a nawet skryte. Pogrążycie się w świecie wspomnień i marzeń, zajmiecie poważnymi przemyśleniami na temat ludzkiego losu. Nie bądźcie dla siebie zbyt surowi. Po południu zadzwońcie do przyjaciół lub odwiedźcie kogoś bliskiego. Sprzyjający wam znak zodiaku to uszczypliwy Skorpion."
"strzelec","2021-03-05","5 marca 2021","Strzelce czeka szczęśliwy, choć nieco nerwowy dzień. Dziś macie wiele sił i odwagi, dzięki którym uporacie się z problemami. Dzień sprzyja podejmowaniu mądrych i odpowiedzialnych decyzji. Zaufajcie intuicji i miejcie wiarę we własne siły. Sprzyjający wam znak zodiaku to Koziorożec."
"strzelec","2021-03-04","4 marca 2021","Strzelce czeka niespokojny dzień. Nie dajcie się sprowokować do dyskusji czy nie przemyślanych decyzji. Mimo najlepszych chęci możecie nie nadążyć za szybko zmieniającą się aurą dnia. Popatrzcie na wydarzenia z dystansem i zajmijcie się swoimi sprawami. Przychylny wam znak zodiaku to Strzelec."
"strzelec","2021-03-03","3 marca 2021","Strzelce przypomną sobie o zaległych sprawach i niedotrzymanych obietnicach. Niestety, nie wszystko uda się załatwić. Wieczorem odpocznijcie i nie przejmujcie się cudzymi sprawami. Warto zadbać o siebie i nie angażować się w ryzykowne przedsięwzięcia. Humor poprawi wam rozmowa z przyjaciółmi. Przychylny wam znak zodiaku to Ryby."
"strzelec","2021-03-02","2 marca 2021","Strzelce policzą gotówkę, z łatwością wyegzekwują obietnice oraz długi. Dzień sprzyja pracy i nadrabianiu zaległości. Wieczorem nie przesadzajcie ze słodyczami, lepiej iść na spacer lub poćwiczyć w domu, zamiast oglądać seriale. Sprzyjające wam znaki to Bliźnięta i Raki."
