"waga";"2021-04-30";"Wagi mają przed sobą dzień pełen niespodzianek. Wszystko układać się będzie po waszej myśli, ale niektóre Wagi i tak będą trochę narzekać. Potrzeba wam więcej uśmiechu i wiary w swoje możliwości. Przyjaciele nie zostawią was w potrzebie, a ich rady okażą się bardzo cenne. Sprzyjające znaki to Baran i Panna."
"waga";"2021-04-29";"Wagi nie ukryją się dziś przed znajomymi. Wasze uczynki i poglądy znajdą się w centrum zainteresowania współpracowników oraz znajomych. Brońcie swojego zdania i pokażcie innym z jak najlepszej strony. Popołudniowe randki okażą się udane, przed samotnymi szansa na nowe znajomości."
"waga";"2021-04-28";"Wagi mają przed sobą dobry dzień. Niespodziewane wiadomości poprawią im humor. Wiosna to czas radości, ale jeśli nie macie pomysłu na popołudniowe rozrywki, to wyjdźcie chociaż na spacer. Sprzyjające wam znaki to Lew i Ryby."
"waga";"2021-04-27";"Wagi będą miały wiele znakomitych i rewolucyjnych pomysłów. Zapiszcie je, bo pełnia Księżyca sprzyja raczej towarzyskim pogawędkom, niż wytrwałej pracy. Przyjaciele opowiedzą wam historię, która skłoni was do poważnych przemyśleń. Przychylny wam znak zodiaku to Baran."
"waga";"2021-04-26";"Wagi staną się bardziej niż zwykle towarzyskie, spragnione pochwał i komplementów. Być może uda się wam wreszcie pogodzić z kimś, kto dawno temu obraził się o coś, co dziś jest już zupełnie nieważne. Sprzyjające znaki to wam Byk i Rak."
"waga";"2021-04-25";"Wagi będą wesołe. Zapomnijcie o problemach, cieszcie się swobodniejszą atmosferą. Sympatyczne spotkanie doda wam wiary w ludzi. Docenicie czyjeś sukcesy, a wasza interpretacja różnych historii rozbawi bliskich. Przychylne wam znaki zodiaku to Bliźnięta i Lew."
"waga";"2021-04-24";"Wagi poczują się znudzone starymi znajomymi i zapragną natychmiast iść na spacer lub pograć w ciekawą grę. W południe odzyskacie humor i wpadniecie na ciekawe pomysły. Dzień sprzyja zdobywaniu nowych wiadomości. Nawet w plotkach, jakie dziś usłyszycie, będzie ziarnko prawdy."
"waga";"2021-04-23";"Wagi czeka ciekawy dzień. Dzięki optymizmowi i wierze we własne siły uda się wam pokonać trudności. Warto marzyć i cieszyć się życiem. Wykorzystajcie okazję do pogodzenia się z nieprzyjaciółmi i wyjaśnienia nieporozumień. Także w miłości sprzyja wam dzisiaj szczęście."
"waga";"2021-04-22";"Wagi będą dzisiaj żyć w swoim świecie. Prorocze sny mogą pokazać wam, co ważnego dzieje się w waszej duszy. Zajmijcie się sprawami ducha, ale w pracy nie stawiajcie się w roli ofiary. Jeśli konkurencja zaatakuje, to trzeba działać. Sprzyjające znaki to Rak i Koziorożec."
"waga";"2021-04-21";"Wagi czeka dzień bez większych trosk. Uważajcie tylko w sklepach, bo poniesie was fantazja. Łatwo zdecydujecie się na różne ekscentryczne zakupy lub spełnicie swoje najskrytsze zachcianki. Dzień sprzyja też nowym znajomościom. Sprzyjające wam znaki to Rak i Panna."
"waga";"2021-04-20";"Wagi mają szansę rozwiązać swoje problemy i uporać się z trudnościami. Będziecie zdecydowani i otwarci na interesujące propozycje. Sprzyja wam szczęście. Macie szansę zyskać dziś poparcie osób wyżej postawionych, warto zwracać się do nich z prośbami i pytaniami. Pomoże wam Bliźniak."
"waga";"2021-04-19";"Wagi będą tęsknić za dobrą zabawą i rozrywką. Zadzwonią do przyjaciół i zorganizują popołudniowe spotkanie, choćby tylko on line. W pracy jednak uważajcie, bo szef będzie uważnie śledził wasze zachowanie i lepiej nie wychodzić zbyt wcześnie. Sprzyjające znaki to Wodnik i Ryby."
"waga";"2021-04-18";"Wagi ogarnie błogi nastrój. Postarajcie się nie obciążać trudnymi sprawami, bo może być wam trudno dotrzymać złożonych komuś obietnic. Po południu pozwólcie sobie na więcej luzu i swobody. Spacer poprawi wam humor. Przychylne wam znaki zodiaku to Baran i Panna."
"waga";"2021-04-17";"Wagi poczują przypływ sił i optymizmu. Możecie liczyć na sympatię nawet tych ludzi, których dobrze nie znacie. To dobry dzień, aby załatwić sprawy, których powodzenie zależy od opinii innych. Przekonacie kogoś ważnego do pomysłu, jaki wszystkim wyjdzie na dobre. Sprzyjające wam znaki to Panna i Wodnik."
"waga";"2021-04-16";"Wagi będą w dobrym humorze. Macie szczęście w miłości, warto to wykorzystać i zaplanować randkę lub weekendowe rozrywki. Samotne Wagi chętnie nawiążą nowe znajomości. Po obiedzie czas na aktywny odpoczynek, spacer lub przejażdżka rowerem wprawi was w dobry humor. Sprzyjające wam znaki to Rak i Panna."
"waga";"2021-04-15";"Wagi łatwo unikną ryzyka, a przy okazji także niektórych męczących obowiązków. Możecie jednak mieć problemy z koncentracją. Radzimy spisać plan działania, bo improwizacja nie będzie dzisiaj waszym atutem. Sprzyjające wam znaki to Bliźnięta i Wodnik, nie dajcie się zdenerwować Strzelcowi, który wszędzie się spieszy."
"waga";"2021-04-14";"Wagi zabiorą się za robienie rachunków i planowanie różnych wydatków. Im bardziej dokładni będziecie, tym mniej problemów finansowych czeka was w najbliższym czasie. Sprzyjające wam znaki to Rak i Strzelec, uważajcie na pomysły Barana."
"waga";"2021-04-13";"Wagi czeka spokojny dzień. Warto słuchać dziś ludzi, pytać o radę czy opinię. Wiele się nauczycie, a także zyskacie opinię osób inteligentnych i bezpośrednich. W towarzystwie unikajcie plotek, bo wplączecie się w niepotrzebny konflikt. Dzień sprzyja też nowym flirtom. Przychylny wam znak zodiaku to Lew."
"waga";"2021-04-12";"Wagi od samego rana pragnąć będą zmian. Każdą czynność wykonają po swojemu i nie będą słuchać żadnych dobrych rad. Lepiej nie dyskutować z Wagami, bo mogą być wybuchowe. Tylko Lew znajdzie sposób, jak przemówić im do rozsądku. Sprzyjające wam znaki to Lew i Panna."
"waga";"2021-04-11";"Wagi będą dzisiaj w centrum uwagi. Zapragną podzielić się z kimś swoimi przemyśleniami, odwiedzić przyjaciół i koniecznie pójść w piękne miejsce. Czy coś z tych planów wyjdzie, zależy od tego, kto już uporał się z domowymi obowiązkami. Sprzyjające wam znaki to Strzelec i Wodnik."
"waga";"2021-04-10";"Wagi, mimo wolnego dnia, zajmą się bardzo ważnymi i odpowiedzialnymi sprawami. Zarządzą wielkie porządki lub zorganizują rodzinie aktywny wypoczynek. Po południu zwolnijcie tempa, bo szybko zorientujecie się, że mało kto jest w stanie za wami nadążyć. Sprzyjające wam znaki to Baran i Wodnik."
"waga";"2021-04-09";"Wagi będą przyjaźnie nastawione do całego świata. Chętnie pobawią się z dziećmi, a nawet popilnują małych krewniaków. Po południu nie warto siedzieć w domu. Idźcie na spacer lub uprawiajcie sport. Macie dobry dzień na nowe znajomości, flirty i sympatyczne pogawędki. Sprzyjające wam znaki to Koziorożec i Ryby."
"waga";"2021-04-08";"Wagi mogą liczyć na dobre pomysły zawodowe, których inspiracją będą różne zagraniczne rozwiązania. Warto zapisać dzisiejsze przemyślenia, być może kiedyś przyniosą wam zysk. W miłości też większe niż zwykle powodzenie. Sprzyjające wam znaki to Baran i Koziorożec."
"waga";"2021-04-07";"Wagom dopiero w południe uda się obudzić się na dobre. Senne snuć się będą po biurze lub domu, ale na szczęście nikt się nie będzie ich czepiał. Po południu poczujecie przypływ sił. Sport lub dłuższy spacer to najlepszy pomysł na spędzenie popołudnia. Sprzyjające wam znaki to Baran i Waga."
"waga";"2021-04-06";"Wagi czeka udany dzień. Dobre wiadomości poprawią wam humor. Uśmiechajcie się częściej. Dzisiaj warto spotykać się z różnymi osobami. Aura sprzyja ciekawym pomysłom zawodowym oraz udanym zakupom. Także w miłości sprzyja wam szczęście. Sprzyjające wam znaki to Baran i Lew."
"waga";"2021-04-05";"Wagi odkryją w sobie nowe powołanie lub niezwykły talent. Pewnien pesymistyczny krewny może poczuć się zaskoczony, ale Wagi nawet przez chwilę nie będą się tym przejmować. Kreatywność i dobra zabawa będą ważniejsze od tego, co sądzą inni. Sprzyjające wam znaki to Bliźnięta i Wodnik."
"waga";"2021-04-04";"Wagi znajdą czas, żeby zastanowić się nad swoimi życiowymi celami i marzeniami. Czyjaś opowieść zainspiruje was do zmian, które wyjdą wszystkim na dobre. Szukajcie takich rozwiązań, które są nowoczesne, ale nie zrujnują waszego budżetu. Sprzyjające wam znaki to Byk i Skorpion."
"waga";"2021-04-03";"Wagi zapragną dostosować się do trendów mody i zamiast za gotowanie, zabiorą się za porządki w szefie. Wasze twórcze pasje dadzą o sobie znać i w domu zrobi się wesoło. Dzieci zajmą się malowaniem pisanek, warto im w tym trochę pomóc. Sprzyjające wam znaki to Bliźniak i Panna."
"waga";"2021-04-02";"Waga będą się cieszyć dobrym humorem, a powodzenie będzie im sprzyjać. W sprawach zawodowych podejmą szybkie decyzje i osiągną więcej niż planowały. W miłości zdadzą się na intuicję i też postawią na swoim. Sprzyjające wam znaki to Rak i Ryby."
"waga";"2021-04-01";"Wagi będą optymistycznie nastawione do życia. Uda się komuś pomóc lub sprowokować jakieś sympatyczne wydarzenia, jednak na wdzięczność ludzi nie ma co liczyć. Bądźcie więc samodzielni i samowystarczalni, a dobro i tak do was wróci. Sprzyjające wam znaki to Skorpion i Koziorożec."
