"waga","2021-03-16","16 marca 2021","Wagi poczują dziś, że trzeba zabrać się do pracy. Będziecie uparci i drobiazgowi, a także bardzo spostrzegawczy. Zanim jednak wytkniecie komuś wszystkie popełnione błędy, zastanówcie się czy naprawdę warto marnować dzień na kłótnie? Przychylne wam znaki zodiaku to Panna i Ryby."
"waga","2021-03-15","15 marca 2021","Wagi od rana będą miały niezwykłe pomysły. Wasze żarty będą się podobać, ktoś stanie się waszym wiernym fanem. Uważajcie tylko w miłości i nie mówcie ukochanej osobie tego, czego nie jesteście pewni. Jeśli wyznania, to tylko prawdziwe i gorące. Sprzyjające wam znaki to Baran i Byk."
"waga","2021-03-14","14 marca 2021","Wagi zapragną dziś wesołego towarzystwa i chętnie zmienią ułożone wcześniej plany. Dzień sprzyja podróżom, randkom i zdobywaniu nowych przyjaciół. Umowy i porozumienia, jakie dziś zawrzecie z ludźmi okażą się bardzo opłacalne. Sprzyjający wam znak zodiaku to optymistyczny Wodnik."
"waga","2021-03-13","13 marca 2021","Wagi rano będą ciekawskie i wesołe. Nie przesadzajcie jednak z ilością towarzyskich zobowiązań. Po południu przypomną o sobie jakieś obietnice, które złożyliście bliskim osobom. Być może trzeba będzie komuś pomóc, a nawet pożyczyć pieniądze. Przychylne wam znaki zodiaku to Bliźnięta i Rak."
"waga","2021-03-12","12 marca 2021","Wagi od rana będą w dobrym humorze. Zapragniecie bawić się i używać życia. Dziś każdego, kto zechce ograniczyć wasze zachcianki uznacie za wielkiego wroga. Dzień sprzyja zawieraniu nowych znajomości i planowaniu różnych atrakcji. Najmilsze chwile spędzicie dziś w towarzystwie zodiakalnego Raka i Panny."
"waga","2021-03-11","11 marca 2021","Wagi czeka sympatyczny dzień. Ochota do żartów i zabawy uczyni z was osoby mile widziane w każdym towarzystwie. Aura sprzyja nowym znajomościom, które mogą przerodzić się w przyjaźń. Po południu nie odmawiajcie przyjaciołom pomocy, a zyskacie opinie osób, na których zawsze można polegać. Przychylny wam znak zodiaku to Lew."
"waga","2021-03-10","10 marca 2021","Wagi będą dziś rozwiązywać ważne problemy. Będziecie sprawiedliwi i pewni swoich racji. Zastanówcie się, zanim wytkniecie szefowi błędy, bo możecie narazić się na utratę swoich przywilejów. Dzień sprzyja także ważnym postanowieniom, które dotyczą zdrowia. Przychylny wam znak zodiaku to Panna."
"waga","2021-03-09","9 marca 2021","Wagi czeka dobry dzień. Uda się wam kogoś pocieszyć lub komuś pomóc. Zyskacie tym wdzięczność i sympatię współpracowników. Aura sprzyja zjednywaniu sobie ludzi i zdobywaniu popularności. Postarajcie się jednak nie chwalić swoimi znajomościami, bo ktoś zacznie o nie nadmiernie wypytywać. Sprzyjający wam znak zodiaku to Waga."
"waga","2021-03-08","8 marca 2021","Wagi nie zabawią zbyt długo w pracy. Nowe sprawy i ryzykowne pomysły nie okażą się warte przemęczenia. Zamiast zaczynać coś na siłę, dokończcie stare sprawy. Po południu chętnie zajmiecie się sprawami domu i rodziny. Zadziwicie bliskich swoją troskliwością i uległością. W kłopotach pomoże wam zodiakalny Rak."
"waga","2021-03-07","7 marca 2021","Wagi zajmą się liczeniem pieniędzy. Być może uda się wam wygospodarować więcej pieniędzy na zabawę i przyjemności? Po południu czeka was poprawa humoru. Zamiast siedzieć w fotelu, warto wybrać się na spacer. Świeże powietrze bardzo dobrze wam zrobi. Sprzyjające wam znaki zodiaku to Byk i Panna."
"waga","2021-03-06","6 marca 2021","Wagi będą dziś spokojne. Pogrążycie się w świecie marzeń i wspomnień. Możliwe są niespodziewane telefony od starych przyjaciół lub krewnych, których dawno nie widzieliście. Dobry dzień, aby odmawiać różne ważne dla was relacje. Sprzyjający wam znak zodiaku to sentymentalny Rak."
"waga","2021-03-05","5 marca 2021","Wagi będą dziś wesołe, niespokojne i bardzo ciekawskie. Żadne spotkanie nie uda się dziś bez was. Macie szansę poznać nowych przyjaciół i zyskać wiele interesujących informacji. W sprawach miłosnych pomyślna passa. Wieczorem zaufajcie intuicji. Wasze przeczucia mogą okazać się prorocze, a Rak wszystko wam wytłumaczy."
"waga","2021-03-04","4 marca 2021","Wagi czeka udany dzień. Będziecie jednak musieli wykazać się opanowaniem i cierpliwością. Dzięki nim znajdziecie wyjście z trudnej sytuacji zawodowej. Chętnie wybierzecie się na zakupy. Uważajcie, aby pod wpływem chwilowej zachcianki nie wydać zbyt dużo. Przed błędnymi decyzjami uchroni was Byk."
"waga","2021-03-03","3 marca 2021","Wagi będą dziś spragnione pochwał i uznania. Zrobicie wiele, aby pokazać się ludziom z jak najlepszej strony. Dzień sprzyja zawieraniu nowych znajomości i rozwiązywaniu konfliktów. Wieczorem uważajcie jednak, aby ktoś nie zrozumiał źle waszej niewinnej uwagi. Sprzyjający wam znak zodiaku to Byk."
"waga","2021-03-02","2 marca 2021","Wagi poczują tęsknotę za ciszą i spokojem. Na myśl o innowacjach i ulepszeniach ścierpnie wam skóra. Możliwe są drobne nieporozumienia ze współpracownikami. Okażcie im więcej zrozumienia, zamiast się złościć. Sprzyjające wam znaki to Byk i Strzelec."
