"wodnik";"2021-04-30";"Wodniki czekają dobre wiadomości i szczęśliwe zbiegi okoliczności. Warto zainteresować się kursami języka obcego lub poświęcić całe popołudnie swojemu hobby. Niektóre Wodniki zaplanują jakieś większe wyjście lub grę on line. Zadzwońcie do przyjaciół, może dołączą się do tych planów. Sprzyjające znaki to Byk i Rak."
"wodnik";"2021-04-29";"Wodniki czeka sympatyczny i udany dzień. Będziecie towarzyscy i bardzo dociekliwi. Dzień sprzyja załatwianiu ważnych spraw urzędowych i zawodowych. Ludzie będą wam sprzyjać, jeśli tylko okażecie im więcej wyrozumiałości i uprzejmości. Sprzyja wam Lew."
"wodnik";"2021-04-28";"Wodniki będą optymistycznie nastawione do życia. Jeśli trzeba kogoś pocieszyć lub mu pomóc, to właśnie one spiszą się najlepiej. Nie słuchajcie plotek, które opowiada ktoś, kto lubi ze wszystkiego robić aferę. Sprzyjający wam znak to Baran."
"wodnik";"2021-04-27";"Wodniki czeka sympatyczny dzień. Nie bójcie się nowatorskich rozwiązań i z optymizmem popatrzcie w przyszłość. Dzisiejsza pełnia Księżyca sprzyja zdobywaniu przyjaciół i popularności. Po południu zapragniecie przebywać w pięknym otoczeniu. Uważajcie, aby podczas zakupów nie wydać zbyt wiele na coś, co nie jest tyle warte. Trafnie doradzi wam Panna."
"wodnik";"2021-04-26";"Wodnikom w poniedziałek nie zabraknie humoru i optymizmu. Przed wami jeszcze wiele przygód i niespodzianek. Wybierzcie się z na zakupy, kupcie bliskim prezenty nawet bez okazji. Otrzymane wiadomości lub zaproszenia poprawią wam humor na cały tydzień. Sprzyjające znaki to wam Rak i Panna."
"wodnik";"2021-04-25";"Wodniki będą w dobrym humorze. Różne rozmowy i spotkania wywołają wiele wspomnień. Aura sprzyja pozytywnym zmianom w życiu i szczęśliwym zbiegom okoliczności. Po południu zarezerwujcie chwilę, aby odpocząć. Przychylne wam znaki zodiaku to Waga i Panna."
"wodnik";"2021-04-24";"Wodniki będą dziś niesforne, chętnie zrobią coś na przekór obowiązującym w rodzinie regułom. Na szczęście większość waszych pomysłów wywoła uśmiech i sympatię otoczenia. Zawarte dziś znajomości okażą się bardzo udane, sprzyja wam powodzenie w miłości. Przychylne znaki zodiaku to Lew i Waga."
"wodnik";"2021-04-23";"Wodniki będą w dobrej formie. Zabierzcie się za sprawy, które wymagają wysiłku i odwagi. Starajcie się tylko panować nad słowami, bo nie wszyscy są tak przebojowi jak wy. Nie ścigajcie się na drodze i nie drażnijcie szefa bez potrzeby, zwłaszcza jeśli to Panna."
"wodnik";"2021-04-22";"Wodniki będą zajęte miłością. Potajemne randki i namiętne telefony oderwą was od pracy. Samotne Wodniki mają dzisiaj powodzenie w miłości. Jeśli szukacie kogoś do pary, to warto ruszyć na wiosenny spacer. Sprzyjające znaki to Panna i Lew."
"wodnik";"2021-04-21";"Wodniki znajdą się w centrum ciekawych wydarzeń. Pewne sekrety wreszcie się wyjaśnią i poczujecie się bardziej bezpiecznie. W pracy zwróćcie uwagę na kogoś, kto od dawna wam bezinteresownie pomaga. Sprzyjające wam znaki to Rak i Ryby."
"wodnik";"2021-04-20";"Wodniki mają przed sobą spokojny i nieco senny dzień. Odpocznijcie i skupcie się na sprawach, które nie wymagają pośpiechu czy ryzyka. Marzenia i wspomnienia będą dziś bardzo ważne i staną się inspiracją do ciekawych pomysłów. Intuicja pomoże wam uniknąć kłopotów. Rozweseli was Waga, a sympatyczne chwile spędzicie z Baranem."
"wodnik";"2021-04-19";"Wodniki nie pozwolą rozstawiać się po kątach. Najlepiej nie wchodzić wam dzisiaj w drogę, bo praca będzie najważniejsza. Wieczór sprzyja długim rozmowom. Może rozwiążecie spór dotyczący przyjaciół i wszyscy będą mogli znów wspólnie działać. Sprzyjające znaki to Strzelec i Ryby."
"wodnik";"2021-04-18";"Wodniki powinny uważać na słowa. Mogą być rozdrażnione i nerwowe, zwłaszcza jeśli ktoś przestanie się ich słuchać. Nie wtrącajcie w nie swoje sprawy. Na szczęście dobra wiadomość poprawi wam humor, a po niesnaskach nie zostanie nawet ślad. Przychylny wam znak zodiaku to Waga."
"wodnik";"2021-04-17";"Wodniki nie będą się dziś przejmować trudnościami, a nawet ich nie zauważą. Optymizm pomoże im pokonać każą przeszkodę. Wieczorem nie usiedzicie w domu, postanowicie wybrać się na spacer lub do kogoś z wizytą. Z wami warto się dzisiaj bawić. Sprzyjające wam znaki to Lew i Waga."
"wodnik";"2021-04-16";"Wodniki mają przed sobą miły dzień. Dziś możecie odnieść sukces towarzyski , zaufajcie swoim zaletom i talentom. Warto przebywać wśród ludzi i nawiązywać nowe znajomości. Korzystajcie z dobrej atmosfery i choć trochę dzisiaj odpocznijcie. Sprzyjające wam znaki to Skorpion i Panna."
"wodnik";"2021-04-15";"Wodniki czeka niespokojny dzień. Bądźcie szczerzy, bo nie da się niczego ukryć przed wzrokiem rodziny lub nawet wścibskich sąsiadów. Sprawy rodzinne i wspólne ustalenia domagać się większej uwagi. Działajcie ze spokojem, a wszystko się uda. Sprzyjające wam znaki to Byk i Panna."
"wodnik";"2021-04-14";"Wodniki czeka dobry dzień. Nie odkładajcie na później spotkania, które może wam pomóc w karierze. To dobry dzień na wystąpienia publiczne, ale nie wymagajcie od ludzi zbyt wiele. Ale po południu jednak każdy będzie chciał odpocząć. Sprzyjające wam znaki to Baran i Lew."
"wodnik";"2021-04-13";"Wodniki będą dziś spragnione pochwał i dowodów uznania. Zrobicie wiele, aby pokazać się ludziom z jak najlepszej strony. Dzień sprzyja zawieraniu nowych znajomości i rozwiązywaniu konfliktów. Wieczorem uważajcie jednak, aby ktoś nie zrozumiał źle waszej uwagi na temat jego stylu życia. Sprzyjający wam znak zodiaku to Waga."
"wodnik";"2021-04-12";"Wodniki będą pracowite. Nie powinny jednak brać na siebie zbyt wielu spraw, bo ktoś wykorzysta ich dobre serce. Wiele Wodników tak zaplanuje dzień, aby być dzisiaj wśród ludzi. Po pracy macie dobry czas na spotkania z przyjaciółmi. Sprzyjające wam znaki to Baran i Lew."
"wodnik";"2021-04-11";"Wodniki będą dzisiaj bardzo towarzyskie. Postanowią odwiedzić przyjaciół, napisać kilka listów i zadzwonić do dawno nie słyszanych znajomych. Będziecie jednak bardziej niezdecydowani niż zwykle i dlatego lepiej unikać ryzykownych decyzji. Sprzyjające wam znaki to Skorpion i Koziorożec."
"wodnik";"2021-04-10";"Wodniki pokażą dziś swoją prawdziwą naturę. Nie bójcie się przedstawiać i bronić swoich poglądów. W sprawach osobistych możecie liczyć na szczęśliwe zbiegi okoliczności. Wieczorem zakochanym polecamy randkę, a samotnym ulubioną powieść lub melodramat. Sprzyjające wam znaki to Bliźnięta i Baran."
"wodnik";"2021-04-09";"Wodniki będą ciekawskie i pomysłowe. Odkryjecie coś niezwykłego, a wasza intuicja pracuje dzisiaj na najwyższych obrotach. Także w miłości macie powodzenie, dobry dzień na szybką randkę. Sprzyjające wam znaki to Baran i Lew."
"wodnik";"2021-04-08";"Wodniki wpadną na nowe pomysły, łatwo się czegoś nowego nauczą. Na służbowych spotkaniach bądźcie obecni duchem, nie tylko ciałem. Szef się dzisiaj wam uważnie przygląda, lepiej zachować czujność. Sprzyjające wam znaki to Byk i Strzelec."
"wodnik";"2021-04-07";"Wodniki będą chciały pokazać się wszystkim z jak najlepszej strony. Uda się wam szybko wywiązać z obietnic i obowiązków. Ale lepiej na Wodniki uważać. Różne uwagi skończą się dzisiaj źle dla żartownisiów, bo Wodniki będą pamiętliwe. Sprzyjające wam znaki to Koziorożec i Ryby."
"wodnik";"2021-04-06";"Wodniki czeka bardzo udany dzień. Planety sprzyjają nowym znajomościom. Nie zapominajcie jednak, że macie dziś pewne obowiązki do wykonania. Najpierw spełnijcie obietnice, a dopiero potem ruszajcie na poszukiwanie przygód. Sprzyjające wam znaki to Baran i Waga."
"wodnik";"2021-04-05";"Wodniki odkryją, że domowe obowiązki mogą być przyjemnością. Szczególnie kontakty z dziećmi lub młodszymi krewnymi sprawią, że popatrzycie na życie z lepszej strony. Chętnie zabierzecie się za wspólne gotowanie lub za gry planszowe. Sprzyjające wam znaki to Bliźnięta i Ryby."
"wodnik";"2021-04-04";"Wodniki będą przedsiębiorcze i choć dzisiaj Wielkanoc, to i tak będą myślały głównie o pracy i pieniądzach. Staną się też bardzo wymagające, a nawet trochę egoistyczne. Taki nastrój sprzyja twórczym dyskusjom, ale po południu warto trochę odpocząć na rowerze lub spacerze. Sprzyjające wam znaki to Baran i Strzelec."
"wodnik";"2021-04-03";"Wodniki rozpoczną kilka spraw na raz, ale żadnej nie uda im się skończyć, bo warto będzie wybrać się na przedświąteczne sąsiedzkie plotki. Niektóre informacje mogą być zaskakujące, ale dzięki nim uda się w końcu załatwić pewną ważną dla wszystkich sprawę. Sprzyjające wam znaki to Baran i Bliźnięta."
"wodnik";"2021-04-02";"Wodnik od rana będą miały mnóstwo energii. Warto przeznaczyć ją na szczytny cel, zrobić coś pożytecznego dla domu lub przyjaciół. W miłości ostrożnie, możliwe nieporozumienia dotyczące wielkanocnych randek i spotkań. Dajcie się bliskiej osobie wypowiedzieć, zamiast od razu się złościć. Sprzyjające wam znaki to Panna i Byk."
"wodnik";"2021-04-01";"Wodniki podejmą ważne decyzje dotyczące życia prywatnego, a nawet popatrzą na swoje związki z zupełnie innej strony. Trzymajcie nerwy na wodzy i myślcie o przyszłości. Już wiosna, warto przebaczyć stare urazy, zamiast wciąż myśleć o przeszłości. Sprzyjające wam znaki to Byk i Koziorożec."
